run,version,records,updates,clients,wait_each,native_pipeline,local_probe,blocked_probes,worker_fat,worker_appends,worker_materializations,pipeline_threads,workers,slots,pattern,pinned,elapsed_seconds,peak_rss_bytes,live_requested_bytes,sidecar_bytes,retired_bytes,reclaimed_bytes,retired_nodes,pending_bytes,appended_updates,cow_updates,append_waves,max_wave_groups,parallel_min_groups,parallel_waves,parallel_materialization,materialization_waves,parallel_materializations,parallel_updates,profile,queue_ns,plan_ns,inline_leaf_ns,parallel_wave_ns,merge_retire_ns,publish_ns,gc_ns,serial_cow_ns,worker_loop_ns,worker_wakeups,reference_ok
1,after,100000,300000,4,0,True,1,2394,1,244015,55985,2,2,4,uniform,0,0.173927,35897344,4697064,1040104,91764648,91764648,335910,0,244015,55985,0,0,16,0,0,0,0,0,0,0,0,0,0,0,0,0,0,0,0,True
1,before,100000,300000,4,0,True,1,2462,1,243975,56025,2,2,4,uniform,0,0.172053,35848192,4695712,1038752,91830768,91830768,336150,0,243975,56025,0,0,16,0,0,0,0,0,0,0,0,0,0,0,0,0,0,0,0,True
1,after,100000,300000,4,0,True,1,4095,1,202728,97272,2,1,2,uniform,0,0.224041,35651584,4119688,462728,154777504,154777504,583632,0,202728,97272,0,0,16,0,0,0,0,0,0,0,0,0,0,0,0,0,0,0,0,True
1,before,100000,300000,4,0,True,1,4143,1,202719,97281,2,1,2,uniform,0,0.216562,35356672,4122152,465192,154791216,154791216,583686,0,202719,97281,0,0,16,0,0,0,0,0,0,0,0,0,0,0,0,0,0,0,0,True
1,after,100000,300000,4,0,True,1,88803,1,205304,94696,2,2,8,hot,0,0.20042,36487168,5905960,2249000,153140256,153140256,568176,0,205304,94696,0,0,16,0,0,0,0,0,0,0,0,0,0,0,0,0,0,0,0,True
1,before,100000,300000,4,0,True,1,88927,1,205150,94850,2,2,8,hot,0,0.202586,36470784,5909160,2252200,153373200,153373200,569100,0,205150,94850,0,0,16,0,0,0,0,0,0,0,0,0,0,0,0,0,0,0,0,True
1,after,100000,300000,4,0,True,1,2531,1,243890,56110,4,2,4,uniform,0,0.177563,36077568,4688328,1031368,91967360,91967360,336660,0,243890,56110,0,0,16,0,0,0,0,0,0,0,0,0,0,0,0,0,0,0,0,True
1,before,100000,300000,4,0,True,1,2484,1,243914,56086,4,2,4,uniform,0,0.177823,36028416,4692384,1035424,91928624,91928624,336516,0,243914,56086,0,0,16,0,0,0,0,0,0,0,0,0,0,0,0,0,0,0,0,True
1,before,100000,300000,4,0,True,1,187983,0,0,0,4,2,8,hot,0,0.250024,36700160,5876160,2219200,294800048,294800048,1137558,0,110407,189593,0,0,16,0,0,0,0,0,0,0,0,0,0,0,0,0,0,0,0,True
1,after,100000,300000,4,0,True,1,185426,0,0,0,4,2,8,hot,0,0.223756,36716544,5878560,2221600,291041720,291041720,1122570,0,112905,187095,0,0,16,0,0,0,0,0,0,0,0,0,0,0,0,0,0,0,0,True
1,after,100000,300000,4,0,True,1,188955,1,109434,190566,4,2,8,hot,0,0.225665,36847616,5875760,2218800,296288576,296288576,1143396,0,109434,190566,0,0,16,0,0,0,0,0,0,0,0,0,0,0,0,0,0,0,0,True
1,before,100000,300000,4,0,True,1,185804,1,112564,187436,4,2,8,hot,0,0.23086,36782080,5875760,2218800,291562696,291562696,1124616,0,112564,187436,0,0,16,0,0,0,0,0,0,0,0,0,0,0,0,0,0,0,0,True
1,before,100000,300000,4,0,True,1,1285,0,0,0,4,2,8,uniform,0,0.157649,37584896,5879560,2222600,49262520,49262520,170370,0,271605,28395,0,0,16,0,0,0,0,0,0,0,0,0,0,0,0,0,0,0,0,True
1,after,100000,300000,4,0,True,1,1382,0,0,0,4,2,8,uniform,0,0.119049,37552128,5873760,2216800,49349128,49349128,170688,0,271552,28448,0,0,16,0,0,0,0,0,0,0,0,0,0,0,0,0,0,0,0,True
1,before,100000,300000,4,0,True,1,200528,1,98125,201875,4,1,8,hot,0,0.260231,36536320,5875160,2218200,313146400,313146400,1211250,0,98125,201875,0,0,16,0,0,0,0,0,0,0,0,0,0,0,0,0,0,0,0,True
1,after,100000,300000,4,0,True,1,173381,1,124661,175339,4,1,8,hot,0,0.238525,36601856,5876760,2219800,273554104,273554104,1052034,0,124661,175339,0,0,16,0,0,0,0,0,0,0,0,0,0,0,0,0,0,0,0,True
1,after,100000,300000,4,0,True,1,2536,0,0,0,2,1,4,uniform,0,0.134837,35880960,4699456,1042496,91873856,91873856,336324,0,243946,56054,0,0,16,0,0,0,0,0,0,0,0,0,0,0,0,0,0,0,0,True
1,before,100000,300000,4,0,True,1,2457,0,0,0,2,1,4,uniform,0,0.137384,35848192,4692072,1035112,91800208,91800208,336042,0,243993,56007,0,0,16,0,0,0,0,0,0,0,0,0,0,0,0,0,0,0,0,True
1,after,100000,300000,4,0,True,1,4314,0,0,0,2,1,2,uniform,0,0.150819,35209216,4124280,467320,154835200,154835200,583860,0,202690,97310,0,0,16,0,0,0,0,0,0,0,0,0,0,0,0,0,0,0,0,True
1,before,100000,300000,4,0,True,1,4442,0,0,0,2,1,2,uniform,0,0.14229,35471360,4119464,462504,154929904,154929904,584226,0,202629,97371,0,0,16,0,0,0,0,0,0,0,0,0,0,0,0,0,0,0,0,True
1,before,100000,300000,4,0,True,1,0,0,0,0,4,1,0,uniform,0,0.249198,35045376,3656960,0,460800000,460800000,1800000,0,0,300000,0,0,16,0,0,0,0,0,0,0,0,0,0,0,0,0,0,0,0,True
1,after,100000,300000,4,0,True,1,0,0,0,0,4,1,0,uniform,0,0.235244,42041344,3656960,0,460800000,460800000,1800000,0,0,300000,0,0,16,0,0,0,0,0,0,0,0,0,0,0,0,0,0,0,0,True
1,after,100000,300000,4,0,True,1,0,0,0,0,2,2,0,hot,0,0.276274,34701312,3656960,0,460800000,460800000,1800000,0,0,300000,0,0,16,0,0,0,0,0,0,0,0,0,0,0,0,0,0,0,0,True
1,before,100000,300000,4,0,True,1,0,0,0,0,2,2,0,hot,0,0.261563,34783232,3656960,0,460800000,460800000,1800000,0,0,300000,0,0,16,0,0,0,0,0,0,0,0,0,0,0,0,0,0,0,0,True
1,after,100000,300000,4,0,True,1,1347,0,0,0,2,1,8,uniform,0,0.133207,37519360,5874160,2217200,49387648,49387648,170808,0,271532,28468,0,0,16,0,0,0,0,0,0,0,0,0,0,0,0,0,0,0,0,True
1,before,100000,300000,4,0,True,1,1336,0,0,0,2,1,8,uniform,0,0.124454,37371904,5872560,2215600,49359400,49359400,170700,0,271550,28450,0,0,16,0,0,0,0,0,0,0,0,0,0,0,0,0,0,0,0,True
1,before,100000,300000,4,0,True,1,142937,0,0,0,2,1,4,hot,0,0.23014,35438592,4746048,1089088,239187736,239187736,914106,0,147649,152351,0,0,16,0,0,0,0,0,0,0,0,0,0,0,0,0,0,0,0,True
1,after,100000,300000,4,0,True,1,141239,0,0,0,2,1,4,hot,0,0.217158,35438592,4743136,1086176,236951176,236951176,905094,0,149151,150849,0,0,16,0,0,0,0,0,0,0,0,0,0,0,0,0,0,0,0,True
1,before,100000,300000,4,0,True,1,158592,1,118711,181289,2,1,2,hot,0,0.293276,35012608,4123608,466648,282236880,282236880,1087734,0,118711,181289,0,0,16,0,0,0,0,0,0,0,0,0,0,0,0,0,0,0,0,True
1,after,100000,300000,4,0,True,1,158909,1,118526,181474,2,1,2,hot,0,0.275926,35258368,4122992,466032,282514040,282514040,1088844,0,118526,181474,0,0,16,0,0,0,0,0,0,0,0,0,0,0,0,0,0,0,0,True
1,before,100000,300000,4,0,True,1,201182,0,0,0,4,1,8,hot,0,0.24773,36585472,5871960,2215000,313986368,313986368,1214778,0,97537,202463,0,0,16,0,0,0,0,0,0,0,0,0,0,0,0,0,0,0,0,True
1,after,100000,300000,4,0,True,1,191567,0,0,0,4,1,8,hot,0,0.216298,36601856,5874760,2217800,300018560,300018560,1158510,0,106915,193085,0,0,16,0,0,0,0,0,0,0,0,0,0,0,0,0,0,0,0,True
1,after,100000,300000,4,0,True,1,4436,0,0,0,2,2,2,uniform,0,0.151329,35831808,4124672,467712,154892472,154892472,584094,0,202651,97349,0,0,16,0,0,0,0,0,0,0,0,0,0,0,0,0,0,0,0,True
1,before,100000,300000,4,0,True,1,4524,0,0,0,2,2,2,uniform,0,0.141123,35717120,4121648,464688,154917136,154917136,584184,0,202636,97364,0,0,16,0,0,0,0,0,0,0,0,0,0,0,0,0,0,0,0,True
1,after,100000,300000,4,0,True,1,0,0,0,0,4,1,0,hot,0,0.256298,34701312,3656960,0,460800000,460800000,1800000,0,0,300000,0,0,16,0,0,0,0,0,0,0,0,0,0,0,0,0,0,0,0,True
1,before,100000,300000,4,0,True,1,0,0,0,0,4,1,0,hot,0,0.277217,34652160,3656960,0,460800000,460800000,1800000,0,0,300000,0,0,16,0,0,0,0,0,0,0,0,0,0,0,0,0,0,0,0,True
1,after,100000,300000,4,0,True,1,71036,1,221260,78740,2,1,8,hot,0,0.216094,36405248,5912360,2255400,129070640,129070640,472440,0,221260,78740,0,0,16,0,0,0,0,0,0,0,0,0,0,0,0,0,0,0,0,True
1,before,100000,300000,4,0,True,1,72296,1,220056,79944,2,1,8,hot,0,0.232528,36667392,5909960,2253000,130908784,130908784,479664,0,220056,79944,0,0,16,0,0,0,0,0,0,0,0,0,0,0,0,0,0,0,0,True
1,before,100000,300000,4,0,True,1,4555,1,202584,97416,4,1,2,uniform,0,0.254335,35389440,4119632,462672,154998688,154998688,584496,0,202584,97416,0,0,16,0,0,0,0,0,0,0,0,0,0,0,0,0,0,0,0,True
1,after,100000,300000,4,0,True,1,4557,1,202580,97420,4,1,2,uniform,0,0.226312,35389440,4121144,464184,155002928,155002928,584520,0,202580,97420,0,0,16,0,0,0,0,0,0,0,0,0,0,0,0,0,0,0,0,True
1,before,100000,300000,4,0,True,1,222074,1,74587,225413,4,2,4,hot,0,0.246766,35815424,4733464,1076504,348460072,348460072,1352478,0,74587,225413,0,0,16,0,0,0,0,0,0,0,0,0,0,0,0,0,0,0,0,True
1,after,100000,300000,4,0,True,1,223209,1,73522,226478,4,2,4,hot,0,0.237439,36388864,4731696,1074736,350049632,350049632,1358868,0,73522,226478,0,0,16,0,0,0,0,0,0,0,0,0,0,0,0,0,0,0,0,True
1,after,100000,300000,4,0,True,1,1138,1,271677,28323,2,1,8,uniform,0,0.195864,37437440,5875360,2218400,49142928,49142928,169938,0,271677,28323,0,0,16,0,0,0,0,0,0,0,0,0,0,0,0,0,0,0,0,True
1,before,100000,300000,4,0,True,1,1162,1,271649,28351,2,1,8,uniform,0,0.204571,37191680,5876160,2219200,49190536,49190536,170106,0,271649,28351,0,0,16,0,0,0,0,0,0,0,0,0,0,0,0,0,0,0,0,True
1,after,100000,300000,4,0,True,1,4127,1,202700,97300,2,2,2,uniform,0,0.183032,35520512,4120528,463568,154818664,154818664,583800,0,202700,97300,0,0,16,0,0,0,0,0,0,0,0,0,0,0,0,0,0,0,0,True
1,before,100000,300000,4,0,True,1,4096,1,202756,97244,2,2,2,uniform,0,0.172473,35356672,4122096,465136,154734048,154734048,583464,0,202756,97244,0,0,16,0,0,0,0,0,0,0,0,0,0,0,0,0,0,0,0,True
1,before,100000,300000,4,0,True,1,137293,1,152646,147354,2,2,4,hot,0,0.224755,35569664,4745632,1088672,231707448,231707448,884124,0,152646,147354,0,0,16,0,0,0,0,0,0,0,0,0,0,0,0,0,0,0,0,True
1,after,100000,300000,4,0,True,1,138362,1,151758,148242,2,2,4,hot,0,0.224029,35848192,4743968,1087008,233030336,233030336,889452,0,151758,148242,0,0,16,0,0,0,0,0,0,0,0,0,0,0,0,0,0,0,0,True
1,after,100000,300000,4,0,True,1,225581,0,0,0,4,1,4,hot,0,0.251772,35700736,4730552,1073592,353424608,353424608,1372422,0,71263,228737,0,0,16,0,0,0,0,0,0,0,0,0,0,0,0,0,0,0,0,True
1,before,100000,300000,4,0,True,1,227303,0,0,0,4,1,4,hot,0,0.260262,35651584,4731904,1074944,355840832,355840832,1382148,0,69642,230358,0,0,16,0,0,0,0,0,0,0,0,0,0,0,0,0,0,0,0,True
1,after,100000,300000,4,0,True,1,118452,0,0,0,2,2,8,hot,0,0.186489,36470784,5897160,2240200,194913912,194913912,735852,0,177358,122642,0,0,16,0,0,0,0,0,0,0,0,0,0,0,0,0,0,0,0,True
1,before,100000,300000,4,0,True,1,108696,0,0,0,2,2,8,hot,0,0.180963,36536320,5900960,2244000,180950640,180950640,679740,0,186710,113290,0,0,16,0,0,0,0,0,0,0,0,0,0,0,0,0,0,0,0,True
1,before,100000,300000,4,0,True,1,4432,1,202659,97341,4,2,2,uniform,0,0.191233,35553280,4122320,465360,154882928,154882928,584046,0,202659,97341,0,0,16,0,0,0,0,0,0,0,0,0,0,0,0,0,0,0,0,True
1,after,100000,300000,4,0,True,1,4481,1,202630,97370,4,2,2,uniform,0,0.195873,35454976,4124056,467096,154925792,154925792,584220,0,202630,97370,0,0,16,0,0,0,0,0,0,0,0,0,0,0,0,0,0,0,0,True
1,after,100000,300000,4,0,True,1,1394,1,271525,28475,4,1,8,uniform,0,0.212764,37486592,5878160,2221200,49398800,49398800,170850,0,271525,28475,0,0,16,0,0,0,0,0,0,0,0,0,0,0,0,0,0,0,0,True
1,before,100000,300000,4,0,True,1,1360,1,271570,28430,4,1,8,uniform,0,0.212766,37486592,5875760,2218800,49322080,49322080,170580,0,271570,28430,0,0,16,0,0,0,0,0,0,0,0,0,0,0,0,0,0,0,0,True
1,before,100000,300000,4,0,True,1,231129,1,66021,233979,4,1,4,hot,0,0.29325,35651584,4730760,1073800,361232648,361232648,1403874,0,66021,233979,0,0,16,0,0,0,0,0,0,0,0,0,0,0,0,0,0,0,0,True
1,after,100000,300000,4,0,True,1,230179,1,66915,233085,4,1,4,hot,0,0.289916,35667968,4733464,1076504,359904704,359904704,1398510,0,66915,233085,0,0,16,0,0,0,0,0,0,0,0,0,0,0,0,0,0,0,0,True
1,after,100000,300000,4,0,True,1,1385,0,0,0,2,2,8,uniform,0,0.130245,37421056,5877560,2220600,49374760,49374760,170760,0,271540,28460,0,0,16,0,0,0,0,0,0,0,0,0,0,0,0,0,0,0,0,True
1,before,100000,300000,4,0,True,1,1391,0,0,0,2,2,8,uniform,0,0.128001,37257216,5874560,2217600,49342176,49342176,170646,0,271559,28441,0,0,16,0,0,0,0,0,0,0,0,0,0,0,0,0,0,0,0,True
1,before,100000,300000,4,0,True,1,0,0,0,0,2,1,0,uniform,0,0.234869,36225024,3656960,0,460800000,460800000,1800000,0,0,300000,0,0,16,0,0,0,0,0,0,0,0,0,0,0,0,0,0,0,0,True
1,after,100000,300000,4,0,True,1,0,0,0,0,2,1,0,uniform,0,0.238776,36028416,3656960,0,460800000,460800000,1800000,0,0,300000,0,0,16,0,0,0,0,0,0,0,0,0,0,0,0,0,0,0,0,True
1,after,100000,300000,4,0,True,1,0,0,0,0,4,2,0,uniform,0,0.235402,41140224,3656960,0,460800000,460800000,1800000,0,0,300000,0,0,16,0,0,0,0,0,0,0,0,0,0,0,0,0,0,0,0,True
1,before,100000,300000,4,0,True,1,0,0,0,0,4,2,0,uniform,0,0.238664,35569664,3656960,0,460800000,460800000,1800000,0,0,300000,0,0,16,0,0,0,0,0,0,0,0,0,0,0,0,0,0,0,0,True
1,after,100000,300000,4,0,True,1,215129,0,0,0,4,2,4,hot,0,0.234478,35979264,4733256,1076296,338556920,338556920,1312662,0,81223,218777,0,0,16,0,0,0,0,0,0,0,0,0,0,0,0,0,0,0,0,True
1,before,100000,300000,4,0,True,1,224914,0,0,0,4,2,4,hot,0,0.253687,35831808,4733672,1076712,352494696,352494696,1368690,0,71885,228115,0,0,16,0,0,0,0,0,0,0,0,0,0,0,0,0,0,0,0,True
1,before,100000,300000,4,0,True,1,199958,0,0,0,2,2,2,hot,0,0.240768,35045376,4120864,463904,332072840,332072840,1286784,0,85536,214464,0,0,16,0,0,0,0,0,0,0,0,0,0,0,0,0,0,0,0,True
1,after,100000,300000,4,0,True,1,200556,0,0,0,2,2,2,hot,0,0.236053,35241984,4121032,464072,332762088,332762088,1289514,0,85081,214919,0,0,16,0,0,0,0,0,0,0,0,0,0,0,0,0,0,0,0,True
1,after,100000,300000,4,0,True,1,2662,0,0,0,2,2,4,uniform,0,0.126435,35897344,4688432,1031472,92062824,92062824,337026,0,243829,56171,0,0,16,0,0,0,0,0,0,0,0,0,0,0,0,0,0,0,0,True
1,before,100000,300000,4,0,True,1,2569,0,0,0,2,2,4,uniform,0,0.136774,36159488,4689992,1033032,91938568,91938568,336552,0,243908,56092,0,0,16,0,0,0,0,0,0,0,0,0,0,0,0,0,0,0,0,True
1,after,100000,300000,4,0,True,1,242049,1,49422,250578,4,2,2,hot,0,0.277852,35094528,4118960,462000,386217864,386217864,1503468,0,49422,250578,0,0,16,0,0,0,0,0,0,0,0,0,0,0,0,0,0,0,0,True
1,before,100000,300000,4,0,True,1,240249,1,51006,248994,4,2,2,hot,0,0.260111,35569664,4118008,461048,383848232,383848232,1493964,0,51006,248994,0,0,16,0,0,0,0,0,0,0,0,0,0,0,0,0,0,0,0,True
1,after,100000,300000,4,0,True,1,173859,0,0,0,2,1,2,hot,0,0.233223,35078144,4122152,465192,299855192,299855192,1158024,0,106996,193004,0,0,16,0,0,0,0,0,0,0,0,0,0,0,0,0,0,0,0,True
1,before,100000,300000,4,0,True,1,181871,0,0,0,2,1,2,hot,0,0.246316,35110912,4122432,465472,309533056,309533056,1196664,0,100556,199444,0,0,16,0,0,0,0,0,0,0,0,0,0,0,0,0,0,0,0,True
1,before,100000,300000,4,0,True,1,1189,1,271622,28378,2,2,8,uniform,0,0.160695,37404672,5874160,2217200,49238208,49238208,170268,0,271622,28378,0,0,16,0,0,0,0,0,0,0,0,0,0,0,0,0,0,0,0,True
1,after,100000,300000,4,0,True,1,1281,1,271577,28423,2,2,8,uniform,0,0.167581,37388288,5876760,2219800,49314128,49314128,170538,0,271577,28423,0,0,16,0,0,0,0,0,0,0,0,0,0,0,0,0,0,0,0,True
1,before,100000,300000,4,0,True,1,1240,1,271624,28376,4,2,8,uniform,0,0.157945,37683200,5875560,2218600,49230936,49230936,170256,0,271624,28376,0,0,16,0,0,0,0,0,0,0,0,0,0,0,0,0,0,0,0,True
1,after,100000,300000,4,0,True,1,1328,1,271568,28432,4,2,8,uniform,0,0.171133,37502976,5876360,2219400,49329152,49329152,170592,0,271568,28432,0,0,16,0,0,0,0,0,0,0,0,0,0,0,0,0,0,0,0,True
1,after,100000,300000,4,0,True,1,113144,1,173407,126593,2,1,4,hot,0,0.253482,35536896,4748440,1091480,200467096,200467096,759558,0,173407,126593,0,0,16,0,0,0,0,0,0,0,0,0,0,0,0,0,0,0,0,True
1,before,100000,300000,4,0,True,1,113030,1,173539,126461,2,1,4,hot,0,0.265358,35454976,4748856,1091896,200271728,200271728,758766,0,173539,126461,0,0,16,0,0,0,0,0,0,0,0,0,0,0,0,0,0,0,0,True
1,before,100000,300000,4,0,True,1,2257,1,244042,55958,2,1,4,uniform,0,0.195099,35897344,4692488,1035528,91724528,91724528,335748,0,244042,55958,0,0,16,0,0,0,0,0,0,0,0,0,0,0,0,0,0,0,0,True
1,after,100000,300000,4,0,True,1,2282,1,244032,55968,2,1,4,uniform,0,0.2001,35930112,4691968,1035008,91739368,91739368,335808,0,244032,55968,0,0,16,0,0,0,0,0,0,0,0,0,0,0,0,0,0,0,0,True
1,before,100000,300000,4,0,True,1,163262,0,0,0,2,2,4,hot,0,0.209451,35569664,4739080,1082120,266664304,266664304,1024092,0,129318,170682,0,0,16,0,0,0,0,0,0,0,0,0,0,0,0,0,0,0,0,True
1,after,100000,300000,4,0,True,1,160536,0,0,0,2,2,4,hot,0,0.21468,35618816,4739496,1082536,262951768,262951768,1009206,0,131799,168201,0,0,16,0,0,0,0,0,0,0,0,0,0,0,0,0,0,0,0,True
1,after,100000,300000,4,0,True,1,4387,0,0,0,4,1,2,uniform,0,0.165108,35405824,4118848,461888,154933704,154933704,584238,0,202627,97373,0,0,16,0,0,0,0,0,0,0,0,0,0,0,0,0,0,0,0,True
1,before,100000,300000,4,0,True,1,4486,0,0,0,4,1,2,uniform,0,0.198775,35454976,4118232,461272,155024240,155024240,584598,0,202567,97433,0,0,16,0,0,0,0,0,0,0,0,0,0,0,0,0,0,0,0,True
1,after,100000,300000,4,0,True,1,0,0,0,0,2,2,0,uniform,0,0.205145,51658752,3656960,0,460800000,460800000,1800000,0,0,300000,0,0,16,0,0,0,0,0,0,0,0,0,0,0,0,0,0,0,0,True
1,before,100000,300000,4,0,True,1,0,0,0,0,2,2,0,uniform,0,0.208675,36519936,3656960,0,460800000,460800000,1800000,0,0,300000,0,0,16,0,0,0,0,0,0,0,0,0,0,0,0,0,0,0,0,True
1,after,100000,300000,4,0,True,1,1289,0,0,0,4,1,8,uniform,0,0.166221,37421056,5870360,2213400,49329016,49329016,170586,0,271569,28431,0,0,16,0,0,0,0,0,0,0,0,0,0,0,0,0,0,0,0,True
1,before,100000,300000,4,0,True,1,1357,0,0,0,4,1,8,uniform,0,0.146848,37421056,5875760,2218800,49370952,49370952,170742,0,271543,28457,0,0,16,0,0,0,0,0,0,0,0,0,0,0,0,0,0,0,0,True
1,after,100000,300000,4,0,True,1,238592,0,0,0,4,1,2,hot,0,0.280748,35258368,4117952,460992,381618528,381618528,1485030,0,52495,247505,0,0,16,0,0,0,0,0,0,0,0,0,0,0,0,0,0,0,0,True
1,before,100000,300000,4,0,True,1,245055,0,0,0,4,1,2,hot,0,0.280994,35225600,4117504,460544,390257656,390257656,1519626,0,46729,253271,0,0,16,0,0,0,0,0,0,0,0,0,0,0,0,0,0,0,0,True
1,after,100000,300000,4,0,True,1,0,0,0,0,2,1,0,hot,0,0.309457,35143680,3656960,0,460800000,460800000,1800000,0,0,300000,0,0,16,0,0,0,0,0,0,0,0,0,0,0,0,0,0,0,0,True
1,before,100000,300000,4,0,True,1,0,0,0,0,2,1,0,hot,0,0.296138,35422208,3656960,0,460800000,460800000,1800000,0,0,300000,0,0,16,0,0,0,0,0,0,0,0,0,0,0,0,0,0,0,0,True
1,before,100000,300000,4,0,True,1,4409,0,0,0,4,2,2,uniform,0,0.225942,35487744,4119352,462392,154915832,154915832,584166,0,202639,97361,0,0,16,0,0,0,0,0,0,0,0,0,0,0,0,0,0,0,0,True
1,after,100000,300000,4,0,True,1,4321,0,0,0,4,2,2,uniform,0,0.225148,35667968,4121536,464576,154861840,154861840,583968,0,202672,97328,0,0,16,0,0,0,0,0,0,0,0,0,0,0,0,0,0,0,0,True
1,after,100000,300000,4,0,True,1,2571,0,0,0,4,2,4,uniform,0,0.213895,36143104,4688432,1031472,91935704,91935704,336540,0,243910,56090,0,0,16,0,0,0,0,0,0,0,0,0,0,0,0,0,0,0,0,True
1,before,100000,300000,4,0,True,1,2508,0,0,0,4,2,4,uniform,0,0.19502,36339712,4697792,1040832,91856048,91856048,336252,0,243958,56042,0,0,16,0,0,0,0,0,0,0,0,0,0,0,0,0,0,0,0,True
1,before,100000,300000,4,0,True,1,0,0,0,0,4,2,0,hot,0,0.292689,35127296,3656960,0,460800000,460800000,1800000,0,0,300000,0,0,16,0,0,0,0,0,0,0,0,0,0,0,0,0,0,0,0,True
1,after,100000,300000,4,0,True,1,0,0,0,0,4,2,0,hot,0,0.283042,34799616,3656960,0,460800000,460800000,1800000,0,0,300000,0,0,16,0,0,0,0,0,0,0,0,0,0,0,0,0,0,0,0,True
1,after,100000,300000,4,0,True,1,237924,0,0,0,4,2,2,hot,0,0.267846,36978688,4118624,461664,380768648,380768648,1481622,0,53063,246937,0,0,16,0,0,0,0,0,0,0,0,0,0,0,0,0,0,0,0,True
1,before,100000,300000,4,0,True,1,238776,0,0,0,4,2,2,hot,0,0.288038,38797312,4118400,461440,381955776,381955776,1486392,0,52268,247732,0,0,16,0,0,0,0,0,0,0,0,0,0,0,0,0,0,0,0,True
1,before,100000,300000,4,0,True,1,2527,0,0,0,4,1,4,uniform,0,0.162191,35897344,4691448,1034488,91924488,91924488,336510,0,243915,56085,0,0,16,0,0,0,0,0,0,0,0,0,0,0,0,0,0,0,0,True
1,after,100000,300000,4,0,True,1,2603,0,0,0,4,1,4,uniform,0,0.157924,35946496,4694672,1037712,91910432,91910432,336462,0,243923,56077,0,0,16,0,0,0,0,0,0,0,0,0,0,0,0,0,0,0,0,True
1,before,100000,300000,4,0,True,1,242220,1,49308,250692,4,1,2,hot,0,0.298478,35192832,4118120,461160,386390448,386390448,1504152,0,49308,250692,0,0,16,0,0,0,0,0,0,0,0,0,0,0,0,0,0,0,0,True
1,after,100000,300000,4,0,True,1,246220,1,45669,254331,4,1,2,hot,0,0.310537,35602432,4117448,460488,391845048,391845048,1525986,0,45669,254331,0,0,16,0,0,0,0,0,0,0,0,0,0,0,0,0,0,0,0,True
1,before,100000,300000,4,0,True,1,180744,1,101445,198555,2,2,2,hot,0,0.250969,35094528,4122824,465864,308193536,308193536,1191330,0,101445,198555,0,0,16,0,0,0,0,0,0,0,0,0,0,0,0,0,0,0,0,True
1,after,100000,300000,4,0,True,1,178702,1,103019,196981,2,2,2,hot,0,0.245979,35291136,4121536,464576,305831032,305831032,1181886,0,103019,196981,0,0,16,0,0,0,0,0,0,0,0,0,0,0,0,0,0,0,0,True
1,before,100000,300000,4,0,True,1,2619,1,243850,56150,4,1,4,uniform,0,0.237064,35995648,4691240,1034280,92024848,92024848,336900,0,243850,56150,0,0,16,0,0,0,0,0,0,0,0,0,0,0,0,0,0,0,0,True
1,after,100000,300000,4,0,True,1,2585,1,243886,56114,4,1,4,uniform,0,0.20952,35930112,4692592,1035632,91973192,91973192,336684,0,243886,56114,0,0,16,0,0,0,0,0,0,0,0,0,0,0,0,0,0,0,0,True
1,before,100000,300000,4,0,True,1,94488,0,0,0,2,1,8,hot,0,0.197363,36388864,5911360,2254400,160950968,160950968,599478,0,200087,99913,0,0,16,0,0,0,0,0,0,0,0,0,0,0,0,0,0,0,0,True
1,after,100000,300000,4,0,True,1,95492,0,0,0,2,1,8,hot,0,0.193313,36388864,5904560,2247600,162422280,162422280,605280,0,199120,100880,0,0,16,0,0,0,0,0,0,0,0,0,0,0,0,0,0,0,0,True
2,before,100000,300000,4,0,True,1,225378,1,71494,228506,4,1,4,hot,0,0.262199,35602432,4731280,1074320,353075824,353075824,1371036,0,71494,228506,0,0,16,0,0,0,0,0,0,0,0,0,0,0,0,0,0,0,0,True
2,after,100000,300000,4,0,True,1,226353,1,70572,229428,4,1,4,hot,0,0.285806,35766272,4731384,1074424,354444280,354444280,1376568,0,70572,229428,0,0,16,0,0,0,0,0,0,0,0,0,0,0,0,0,0,0,0,True
2,after,100000,300000,4,0,True,1,0,0,0,0,2,1,0,hot,0,0.3327,35602432,3656960,0,460800000,460800000,1800000,0,0,300000,0,0,16,0,0,0,0,0,0,0,0,0,0,0,0,0,0,0,0,True
2,before,100000,300000,4,0,True,1,0,0,0,0,2,1,0,hot,0,0.301847,36290560,3656960,0,460800000,460800000,1800000,0,0,300000,0,0,16,0,0,0,0,0,0,0,0,0,0,0,0,0,0,0,0,True
2,before,100000,300000,4,0,True,1,4174,0,0,0,2,1,2,uniform,0,0.171683,35454976,4120864,463904,154780152,154780152,583650,0,202725,97275,0,0,16,0,0,0,0,0,0,0,0,0,0,0,0,0,0,0,0,True
2,after,100000,300000,4,0,True,1,4358,0,0,0,2,1,2,uniform,0,0.159212,35422208,4118344,461384,154876336,154876336,584022,0,202663,97337,0,0,16,0,0,0,0,0,0,0,0,0,0,0,0,0,0,0,0,True
2,after,100000,300000,4,0,True,1,197375,0,0,0,2,2,2,hot,0,0.228907,35274752,4120248,463288,328939720,328939720,1274232,0,87628,212372,0,0,16,0,0,0,0,0,0,0,0,0,0,0,0,0,0,0,0,True
2,before,100000,300000,4,0,True,1,201583,0,0,0,2,2,2,hot,0,0.236419,35192832,4121312,464352,333968776,333968776,1294386,0,84269,215731,0,0,16,0,0,0,0,0,0,0,0,0,0,0,0,0,0,0,0,True
2,before,100000,300000,4,0,True,1,137045,1,152966,147034,2,2,4,hot,0,0.222472,35684352,4746568,1089608,231220088,231220088,882204,0,152966,147034,0,0,16,0,0,0,0,0,0,0,0,0,0,0,0,0,0,0,0,True
2,after,100000,300000,4,0,True,1,137213,1,152796,147204,2,2,4,hot,0,0.229058,35602432,4745112,1088152,231477672,231477672,883224,0,152796,147204,0,0,16,0,0,0,0,0,0,0,0,0,0,0,0,0,0,0,0,True
2,after,100000,300000,4,0,True,1,1274,0,0,0,4,2,8,uniform,0,0.154138,37519360,5876160,2219200,49319008,49319008,170568,0,271572,28428,0,0,16,0,0,0,0,0,0,0,0,0,0,0,0,0,0,0,0,True
2,before,100000,300000,4,0,True,1,1325,0,0,0,4,2,8,uniform,0,0.158956,37584896,5874960,2218000,49369224,49369224,170754,0,271541,28459,0,0,16,0,0,0,0,0,0,0,0,0,0,0,0,0,0,0,0,True
2,before,100000,300000,4,0,True,1,0,0,0,0,2,1,0,uniform,0,0.218719,35799040,3656960,0,460800000,460800000,1800000,0,0,300000,0,0,16,0,0,0,0,0,0,0,0,0,0,0,0,0,0,0,0,True
2,after,100000,300000,4,0,True,1,0,0,0,0,2,1,0,uniform,0,0.225033,35880960,3656960,0,460800000,460800000,1800000,0,0,300000,0,0,16,0,0,0,0,0,0,0,0,0,0,0,0,0,0,0,0,True
2,before,100000,300000,4,0,True,1,4395,1,202663,97337,4,1,2,uniform,0,0.2569,35323904,4122432,465472,154876504,154876504,584022,0,202663,97337,0,0,16,0,0,0,0,0,0,0,0,0,0,0,0,0,0,0,0,True
2,after,100000,300000,4,0,True,1,4485,1,202533,97467,4,1,2,uniform,0,0.239019,35536896,4113752,456792,155081336,155081336,584802,0,202533,97467,0,0,16,0,0,0,0,0,0,0,0,0,0,0,0,0,0,0,0,True
2,before,100000,300000,4,0,True,1,180797,1,101385,198615,2,2,2,hot,0,0.238145,35520512,4121928,464968,308276848,308276848,1191690,0,101385,198615,0,0,16,0,0,0,0,0,0,0,0,0,0,0,0,0,0,0,0,True
2,after,100000,300000,4,0,True,1,181009,1,101198,198802,2,2,2,hot,0,0.247637,35192832,4121984,465024,308566096,308566096,1192812,0,101198,198802,0,0,16,0,0,0,0,0,0,0,0,0,0,0,0,0,0,0,0,True
2,after,100000,300000,4,0,True,1,1198,1,271614,28386,2,1,8,uniform,0,0.191451,37208064,5877960,2221000,49249896,49249896,170316,0,271614,28386,0,0,16,0,0,0,0,0,0,0,0,0,0,0,0,0,0,0,0,True
2,before,100000,300000,4,0,True,1,1205,1,271631,28369,2,1,8,uniform,0,0.194763,37208064,5876360,2219400,49220784,49220784,170214,0,271631,28369,0,0,16,0,0,0,0,0,0,0,0,0,0,0,0,0,0,0,0,True
2,before,100000,300000,4,0,True,1,196309,1,102310,197690,4,1,8,hot,0,0.227842,36683776,5874760,2217800,306859640,306859640,1186140,0,102310,197690,0,0,16,0,0,0,0,0,0,0,0,0,0,0,0,0,0,0,0,True
2,after,100000,300000,4,0,True,1,191779,1,106698,193302,4,1,8,hot,0,0.266895,36552704,5880760,2223800,300318072,300318072,1159812,0,106698,193302,0,0,16,0,0,0,0,0,0,0,0,0,0,0,0,0,0,0,0,True
2,before,100000,300000,4,0,True,1,2529,1,243927,56073,4,2,4,uniform,0,0.1775,36012032,4694048,1037088,91906056,91906056,336438,0,243927,56073,0,0,16,0,0,0,0,0,0,0,0,0,0,0,0,0,0,0,0,True
2,after,100000,300000,4,0,True,1,2599,1,243896,56104,4,2,4,uniform,0,0.166134,35946496,4687600,1030640,91956688,91956688,336624,0,243896,56104,0,0,16,0,0,0,0,0,0,0,0,0,0,0,0,0,0,0,0,True
2,after,100000,300000,4,0,True,1,4395,0,0,0,2,2,2,uniform,0,0.142439,35487744,4119520,462560,154886896,154886896,584058,0,202657,97343,0,0,16,0,0,0,0,0,0,0,0,0,0,0,0,0,0,0,0,True
2,before,100000,300000,4,0,True,1,4209,0,0,0,2,2,2,uniform,0,0.164886,35487744,4118512,461552,154874472,154874472,584004,0,202666,97334,0,0,16,0,0,0,0,0,0,0,0,0,0,0,0,0,0,0,0,True
2,after,100000,300000,4,0,True,1,0,0,0,0,4,2,0,hot,0,0.267368,36012032,3656960,0,460800000,460800000,1800000,0,0,300000,0,0,16,0,0,0,0,0,0,0,0,0,0,0,0,0,0,0,0,True
2,before,100000,300000,4,0,True,1,0,0,0,0,4,2,0,hot,0,0.259424,36552704,3656960,0,460800000,460800000,1800000,0,0,300000,0,0,16,0,0,0,0,0,0,0,0,0,0,0,0,0,0,0,0,True
2,before,100000,300000,4,0,True,1,1298,1,271585,28415,4,2,8,uniform,0,0.159062,38551552,5870960,2214000,49300840,49300840,170490,0,271585,28415,0,0,16,0,0,0,0,0,0,0,0,0,0,0,0,0,0,0,0,True
2,after,100000,300000,4,0,True,1,1373,1,271559,28441,4,2,8,uniform,0,0.16052,37683200,5874360,2217400,49343176,49343176,170646,0,271559,28441,0,0,16,0,0,0,0,0,0,0,0,0,0,0,0,0,0,0,0,True
2,after,100000,300000,4,0,True,1,244020,0,0,0,4,1,2,hot,0,0.280126,35078144,4118288,461328,388814736,388814736,1513866,0,47689,252311,0,0,16,0,0,0,0,0,0,0,0,0,0,0,0,0,0,0,0,True
2,before,100000,300000,4,0,True,1,247694,0,0,0,4,1,2,hot,0,0.264437,35225600,4117952,460992,393803456,393803456,1533834,0,44361,255639,0,0,16,0,0,0,0,0,0,0,0,0,0,0,0,0,0,0,0,True
2,before,100000,300000,4,0,True,1,243130,0,0,0,4,2,2,hot,0,0.266152,35258368,4117784,460824,387725768,387725768,1509486,0,48419,251581,0,0,16,0,0,0,0,0,0,0,0,0,0,0,0,0,0,0,0,True
2,after,100000,300000,4,0,True,1,240360,0,0,0,4,2,2,hot,0,0.260054,35160064,4118232,461272,383985512,383985512,1494516,0,50914,249086,0,0,16,0,0,0,0,0,0,0,0,0,0,0,0,0,0,0,0,True
2,after,100000,300000,4,0,True,1,182804,0,0,0,2,1,2,hot,0,0.249762,35110912,4123216,466256,310874096,310874096,1202070,0,99655,200345,0,0,16,0,0,0,0,0,0,0,0,0,0,0,0,0,0,0,0,True
2,before,100000,300000,4,0,True,1,179181,0,0,0,2,1,2,hot,0,0.247572,35028992,4122152,465192,306274120,306274120,1183626,0,102729,197271,0,0,16,0,0,0,0,0,0,0,0,0,0,0,0,0,0,0,0,True
2,after,100000,300000,4,0,True,1,187430,0,0,0,4,2,8,hot,0,0.213403,36700160,5881360,2224400,293991384,293991384,1134264,0,110956,189044,0,0,16,0,0,0,0,0,0,0,0,0,0,0,0,0,0,0,0,True
2,before,100000,300000,4,0,True,1,184560,0,0,0,4,2,8,hot,0,0.2166,36782080,5878360,2221400,289697808,289697808,1117218,0,113797,186203,0,0,16,0,0,0,0,0,0,0,0,0,0,0,0,0,0,0,0,True
2,after,100000,300000,4,0,True,1,2471,0,0,0,4,1,4,uniform,0,0.154947,35930112,4693320,1036360,91863232,91863232,336276,0,243954,56046,0,0,16,0,0,0,0,0,0,0,0,0,0,0,0,0,0,0,0,True
2,before,100000,300000,4,0,True,1,2492,0,0,0,4,1,4,uniform,0,0.148217,35979264,4693112,1036152,91891608,91891608,336384,0,243936,56064,0,0,16,0,0,0,0,0,0,0,0,0,0,0,0,0,0,0,0,True
2,after,100000,300000,4,0,True,1,2639,1,243849,56151,4,1,4,uniform,0,0.239729,35913728,4692176,1035216,92028568,92028568,336906,0,243849,56151,0,0,16,0,0,0,0,0,0,0,0,0,0,0,0,0,0,0,0,True
2,before,100000,300000,4,0,True,1,2581,1,243931,56069,4,1,4,uniform,0,0.208679,35913728,4696440,1039480,91897104,91897104,336414,0,243931,56069,0,0,16,0,0,0,0,0,0,0,0,0,0,0,0,0,0,0,0,True
2,after,100000,300000,4,0,True,1,113484,1,173131,126869,2,1,4,hot,0,0.250664,35569664,4747920,1090960,200878344,200878344,761214,0,173131,126869,0,0,16,0,0,0,0,0,0,0,0,0,0,0,0,0,0,0,0,True
2,before,100000,300000,4,0,True,1,113532,1,173132,126868,2,1,4,hot,0,0.261822,35553280,4749064,1092104,200862248,200862248,761208,0,173132,126868,0,0,16,0,0,0,0,0,0,0,0,0,0,0,0,0,0,0,0,True
2,before,100000,300000,4,0,True,1,2386,1,243988,56012,2,2,4,uniform,0,0.179566,35897344,4691968,1035008,91809136,91809136,336072,0,243988,56012,0,0,16,0,0,0,0,0,0,0,0,0,0,0,0,0,0,0,0,True
2,after,100000,300000,4,0,True,1,2410,1,243982,56018,2,2,4,uniform,0,0.167884,36028416,4697376,1040416,91816376,91816376,336108,0,243982,56018,0,0,16,0,0,0,0,0,0,0,0,0,0,0,0,0,0,0,0,True
2,after,100000,300000,4,0,True,1,158539,1,118723,181277,2,1,2,hot,0,0.281057,35094528,4124056,467096,282214696,282214696,1087662,0,118723,181277,0,0,16,0,0,0,0,0,0,0,0,0,0,0,0,0,0,0,0,True
2,before,100000,300000,4,0,True,1,159018,1,118418,181582,2,1,2,hot,0,0.295109,35078144,4123104,466144,282672424,282672424,1089492,0,118418,181582,0,0,16,0,0,0,0,0,0,0,0,0,0,0,0,0,0,0,0,True
2,after,100000,300000,4,0,True,1,2599,0,0,0,2,1,4,uniform,0,0.137587,36028416,4690200,1033240,92008728,92008728,336822,0,243863,56137,0,0,16,0,0,0,0,0,0,0,0,0,0,0,0,0,0,0,0,True
2,before,100000,300000,4,0,True,1,2456,0,0,0,2,1,4,uniform,0,0.15919,35733504,4692696,1035736,91878016,91878016,336324,0,243946,56054,0,0,16,0,0,0,0,0,0,0,0,0,0,0,0,0,0,0,0,True
2,before,100000,300000,4,0,True,1,215533,0,0,0,4,2,4,hot,0,0.263052,35749888,4735440,1078480,339201336,339201336,1315254,0,80791,219209,0,0,16,0,0,0,0,0,0,0,0,0,0,0,0,0,0,0,0,True
2,after,100000,300000,4,0,True,1,204188,0,0,0,4,2,4,hot,0,0.297899,35913728,4734712,1077752,323190424,323190424,1250880,0,91520,208480,0,0,16,0,0,0,0,0,0,0,0,0,0,0,0,0,0,0,0,True
2,before,100000,300000,4,0,True,1,4484,0,0,0,4,1,2,uniform,0,0.181281,35323904,4120920,463960,155006928,155006928,584526,0,202579,97421,0,0,16,0,0,0,0,0,0,0,0,0,0,0,0,0,0,0,0,True
2,after,100000,300000,4,0,True,1,4443,0,0,0,4,1,2,uniform,0,0.184985,35438592,4112968,456008,155061896,155061896,584730,0,202545,97455,0,0,16,0,0,0,0,0,0,0,0,0,0,0,0,0,0,0,0,True
2,before,100000,300000,4,0,True,1,2566,0,0,0,2,2,4,uniform,0,0.141575,35897344,4690200,1033240,91932760,91932760,336522,0,243913,56087,0,0,16,0,0,0,0,0,0,0,0,0,0,0,0,0,0,0,0,True
2,after,100000,300000,4,0,True,1,2655,0,0,0,2,2,4,uniform,0,0.136229,36012032,4688536,1031576,91985144,91985144,336738,0,243877,56123,0,0,16,0,0,0,0,0,0,0,0,0,0,0,0,0,0,0,0,True
2,after,100000,300000,4,0,True,1,1265,0,0,0,2,1,8,uniform,0,0.137638,37240832,5881760,2224800,49267928,49267928,170388,0,271602,28398,0,0,16,0,0,0,0,0,0,0,0,0,0,0,0,0,0,0,0,True
2,before,100000,300000,4,0,True,1,1310,0,0,0,2,1,8,uniform,0,0.137951,37273600,5876560,2219600,49308256,49308256,170526,0,271579,28421,0,0,16,0,0,0,0,0,0,0,0,0,0,0,0,0,0,0,0,True
2,before,100000,300000,4,0,True,1,0,0,0,0,2,2,0,uniform,0,0.200617,40501248,3656960,0,460800000,460800000,1800000,0,0,300000,0,0,16,0,0,0,0,0,0,0,0,0,0,0,0,0,0,0,0,True
2,after,100000,300000,4,0,True,1,0,0,0,0,2,2,0,uniform,0,0.208764,38551552,3656960,0,460800000,460800000,1800000,0,0,300000,0,0,16,0,0,0,0,0,0,0,0,0,0,0,0,0,0,0,0,True
2,before,100000,300000,4,0,True,1,1397,0,0,0,2,2,8,uniform,0,0.128909,37371904,5876760,2219800,49393792,49393792,170832,0,271528,28472,0,0,16,0,0,0,0,0,0,0,0,0,0,0,0,0,0,0,0,True
2,after,100000,300000,4,0,True,1,1379,0,0,0,2,2,8,uniform,0,0.128603,37339136,5875960,2219000,49313320,49313320,170520,0,271580,28420,0,0,16,0,0,0,0,0,0,0,0,0,0,0,0,0,0,0,0,True
2,before,100000,300000,4,0,True,1,105979,0,0,0,2,2,8,hot,0,0.182511,36487168,5897360,2240400,177050336,177050336,664056,0,189324,110676,0,0,16,0,0,0,0,0,0,0,0,0,0,0,0,0,0,0,0,True
2,after,100000,300000,4,0,True,1,102865,0,0,0,2,2,8,hot,0,0.183123,36487168,5903160,2246200,172837736,172837736,646956,0,192174,107826,0,0,16,0,0,0,0,0,0,0,0,0,0,0,0,0,0,0,0,True
2,after,100000,300000,4,0,True,1,1373,0,0,0,4,1,8,uniform,0,0.140261,37486592,5876160,2219200,49340712,49340712,170652,0,271558,28442,0,0,16,0,0,0,0,0,0,0,0,0,0,0,0,0,0,0,0,True
2,before,100000,300000,4,0,True,1,1305,0,0,0,4,1,8,uniform,0,0.136174,37486592,5871160,2214200,49341312,49341312,170652,0,271558,28442,0,0,16,0,0,0,0,0,0,0,0,0,0,0,0,0,0,0,0,True
2,after,100000,300000,4,0,True,1,95065,0,0,0,2,1,8,hot,0,0.192294,36388864,5902160,2245200,161765000,161765000,602850,0,199525,100475,0,0,16,0,0,0,0,0,0,0,0,0,0,0,0,0,0,0,0,True
2,before,100000,300000,4,0,True,1,93473,0,0,0,2,1,8,hot,0,0.184108,36388864,5905360,2248400,159579720,159579720,593820,0,201030,98970,0,0,16,0,0,0,0,0,0,0,0,0,0,0,0,0,0,0,0,True
2,after,100000,300000,4,0,True,1,0,0,0,0,4,1,0,uniform,0,0.248285,35061760,3656960,0,460800000,460800000,1800000,0,0,300000,0,0,16,0,0,0,0,0,0,0,0,0,0,0,0,0,0,0,0,True
2,before,100000,300000,4,0,True,1,0,0,0,0,4,1,0,uniform,0,0.24801,36732928,3656960,0,460800000,460800000,1800000,0,0,300000,0,0,16,0,0,0,0,0,0,0,0,0,0,0,0,0,0,0,0,True
2,after,100000,300000,4,0,True,1,4194,1,202676,97324,2,2,2,uniform,0,0.185304,35356672,4120304,463344,154856816,154856816,583944,0,202676,97324,0,0,16,0,0,0,0,0,0,0,0,0,0,0,0,0,0,0,0,True
2,before,100000,300000,4,0,True,1,4216,1,202700,97300,2,2,2,uniform,0,0.183065,35569664,4122264,465304,154819000,154819000,583800,0,202700,97300,0,0,16,0,0,0,0,0,0,0,0,0,0,0,0,0,0,0,0,True
2,before,100000,300000,4,0,True,1,4417,0,0,0,4,2,2,uniform,0,0.183507,35618816,4122096,465136,154911752,154911752,584154,0,202641,97359,0,0,16,0,0,0,0,0,0,0,0,0,0,0,0,0,0,0,0,True
2,after,100000,300000,4,0,True,1,4422,0,0,0,4,2,2,uniform,0,0.186602,35487744,4120248,463288,154907952,154907952,584142,0,202643,97357,0,0,16,0,0,0,0,0,0,0,0,0,0,0,0,0,0,0,0,True
2,after,100000,300000,4,0,True,1,2575,0,0,0,4,2,4,uniform,0,0.150916,35962880,4692176,1035216,91924200,91924200,336504,0,243916,56084,0,0,16,0,0,0,0,0,0,0,0,0,0,0,0,0,0,0,0,True
2,before,100000,300000,4,0,True,1,2560,0,0,0,4,2,4,uniform,0,0.166487,36143104,4693944,1036984,91942448,91942448,336570,0,243905,56095,0,0,16,0,0,0,0,0,0,0,0,0,0,0,0,0,0,0,0,True
2,before,100000,300000,4,0,True,1,1246,1,271612,28388,2,2,8,uniform,0,0.168382,37453824,5870760,2213800,49252168,49252168,170328,0,271612,28388,0,0,16,0,0,0,0,0,0,0,0,0,0,0,0,0,0,0,0,True
2,after,100000,300000,4,0,True,1,1247,1,271647,28353,2,2,8,uniform,0,0.168184,37339136,5880760,2223800,49190008,49190008,170118,0,271647,28353,0,0,16,0,0,0,0,0,0,0,0,0,0,0,0,0,0,0,0,True
2,after,100000,300000,4,0,True,1,183701,1,114559,185441,4,2,8,hot,0,0.240911,36700160,5878360,2221400,288606976,288606976,1112646,0,114559,185441,0,0,16,0,0,0,0,0,0,0,0,0,0,0,0,0,0,0,0,True
2,before,100000,300000,4,0,True,1,183333,1,114942,185058,4,2,8,hot,0,0.242904,36683776,5877360,2220400,288058888,288058888,1110348,0,114942,185058,0,0,16,0,0,0,0,0,0,0,0,0,0,0,0,0,0,0,0,True
2,after,100000,300000,4,0,True,1,246634,1,45346,254654,4,1,2,hot,0,0.285641,35176448,4117392,460432,392332496,392332496,1527924,0,45346,254654,0,0,16,0,0,0,0,0,0,0,0,0,0,0,0,0,0,0,0,True
2,before,100000,300000,4,0,True,1,248346,1,43810,256190,4,1,2,hot,0,0.291275,35110912,4117560,460600,394625096,394625096,1537140,0,43810,256190,0,0,16,0,0,0,0,0,0,0,0,0,0,0,0,0,0,0,0,True
2,after,100000,300000,4,0,True,1,164932,0,0,0,2,2,4,hot,0,0.219634,35553280,4742512,1085552,269079248,269079248,1033878,0,127687,172313,0,0,16,0,0,0,0,0,0,0,0,0,0,0,0,0,0,0,0,True
2,before,100000,300000,4,0,True,1,173283,0,0,0,2,2,4,hot,0,0.214155,35749888,4738872,1081912,280561368,280561368,1079820,0,120030,179970,0,0,16,0,0,0,0,0,0,0,0,0,0,0,0,0,0,0,0,True
2,before,100000,300000,4,0,True,1,0,0,0,0,4,1,0,hot,0,0.279221,34668544,3656960,0,460800000,460800000,1800000,0,0,300000,0,0,16,0,0,0,0,0,0,0,0,0,0,0,0,0,0,0,0,True
2,after,100000,300000,4,0,True,1,0,0,0,0,4,1,0,hot,0,0.278965,34684928,3656960,0,460800000,460800000,1800000,0,0,300000,0,0,16,0,0,0,0,0,0,0,0,0,0,0,0,0,0,0,0,True
2,after,100000,300000,4,0,True,1,0,0,0,0,4,2,0,uniform,0,0.234242,37945344,3656960,0,460800000,460800000,1800000,0,0,300000,0,0,16,0,0,0,0,0,0,0,0,0,0,0,0,0,0,0,0,True
2,before,100000,300000,4,0,True,1,0,0,0,0,4,2,0,uniform,0,0.217932,54362112,3656960,0,460800000,460800000,1800000,0,0,300000,0,0,16,0,0,0,0,0,0,0,0,0,0,0,0,0,0,0,0,True
2,after,100000,300000,4,0,True,1,0,0,0,0,2,2,0,hot,0,0.272868,35667968,3656960,0,460800000,460800000,1800000,0,0,300000,0,0,16,0,0,0,0,0,0,0,0,0,0,0,0,0,0,0,0,True
2,before,100000,300000,4,0,True,1,0,0,0,0,2,2,0,hot,0,0.287707,35110912,3656960,0,460800000,460800000,1800000,0,0,300000,0,0,16,0,0,0,0,0,0,0,0,0,0,0,0,0,0,0,0,True
2,before,100000,300000,4,0,True,1,4038,1,202777,97223,2,1,2,uniform,0,0.232176,35258368,4120920,463960,154703248,154703248,583338,0,202777,97223,0,0,16,0,0,0,0,0,0,0,0,0,0,0,0,0,0,0,0,True
2,after,100000,300000,4,0,True,1,4051,1,202806,97194,2,1,2,uniform,0,0.225903,35291136,4123272,466312,154655624,154655624,583164,0,202806,97194,0,0,16,0,0,0,0,0,0,0,0,0,0,0,0,0,0,0,0,True
2,before,100000,300000,4,0,True,1,219689,1,76889,223111,4,2,4,hot,0,0.272485,36012032,4732528,1075568,345025704,345025704,1338666,0,76889,223111,0,0,16,0,0,0,0,0,0,0,0,0,0,0,0,0,0,0,0,True
2,after,100000,300000,4,0,True,1,220295,1,76240,223760,4,2,4,hot,0,0.280274,36225024,4733776,1076816,345993760,345993760,1342560,0,76240,223760,0,0,16,0,0,0,0,0,0,0,0,0,0,0,0,0,0,0,0,True
2,after,100000,300000,4,0,True,1,241254,1,50107,249893,4,2,2,hot,0,0.28824,35225600,4118344,461384,385195104,385195104,1499358,0,50107,249893,0,0,16,0,0,0,0,0,0,0,0,0,0,0,0,0,0,0,0,True
2,before,100000,300000,4,0,True,1,241652,1,49793,250207,4,2,2,hot,0,0.283684,35897344,4117728,460768,385668280,385668280,1501242,0,49793,250207,0,0,16,0,0,0,0,0,0,0,0,0,0,0,0,0,0,0,0,True
2,before,100000,300000,4,0,True,1,87388,1,206637,93363,2,2,8,hot,0,0.203216,36519936,5909560,2252600,151136568,151136568,560178,0,206637,93363,0,0,16,0,0,0,0,0,0,0,0,0,0,0,0,0,0,0,0,True
2,after,100000,300000,4,0,True,1,89358,1,204714,95286,2,2,8,hot,0,0.204918,36470784,5900960,2244000,153998496,153998496,571716,0,204714,95286,0,0,16,0,0,0,0,0,0,0,0,0,0,0,0,0,0,0,0,True
2,after,100000,300000,4,0,True,1,2441,1,243970,56030,2,1,4,uniform,0,0.214544,35799040,4694672,1037712,91835536,91835536,336180,0,243970,56030,0,0,16,0,0,0,0,0,0,0,0,0,0,0,0,0,0,0,0,True
2,before,100000,300000,4,0,True,1,2325,1,243987,56013,2,1,4,uniform,0,0.231005,35700736,4691032,1034072,91814624,91814624,336078,0,243987,56013,0,0,16,0,0,0,0,0,0,0,0,0,0,0,0,0,0,0,0,True
2,after,100000,300000,4,0,True,1,4299,1,202663,97337,4,2,2,uniform,0,0.199952,35635200,4121144,464184,154876616,154876616,584022,0,202663,97337,0,0,16,0,0,0,0,0,0,0,0,0,0,0,0,0,0,0,0,True
2,before,100000,300000,4,0,True,1,4500,1,202614,97386,4,2,2,uniform,0,0.207224,35848192,4120024,463064,154950760,154950760,584316,0,202614,97386,0,0,16,0,0,0,0,0,0,0,0,0,0,0,0,0,0,0,0,True
2,after,100000,300000,4,0,True,1,225849,0,0,0,4,1,4,hot,0,0.255643,35700736,4731592,1074632,353780728,353780728,1373898,0,71017,228983,0,0,16,0,0,0,0,0,0,0,0,0,0,0,0,0,0,0,0,True
2,before,100000,300000,4,0,True,1,230299,0,0,0,4,1,4,hot,0,0.254042,35831808,4732528,1075568,360041768,360041768,1399110,0,66815,233185,0,0,16,0,0,0,0,0,0,0,0,0,0,0,0,0,0,0,0,True
2,before,100000,300000,4,0,True,1,71524,1,220780,79220,2,1,8,hot,0,0.223418,36388864,5914360,2257400,129808720,129808720,475320,0,220780,79220,0,0,16,0,0,0,0,0,0,0,0,0,0,0,0,0,0,0,0,True
2,after,100000,300000,4,0,True,1,71644,1,220632,79368,2,1,8,hot,0,0.251066,36405248,5912760,2255800,130017648,130017648,476208,0,220632,79368,0,0,16,0,0,0,0,0,0,0,0,0,0,0,0,0,0,0,0,True
2,after,100000,300000,4,0,True,1,188144,0,0,0,4,1,8,hot,0,0.23806,36683776,5879960,2223000,294978072,294978072,1138362,0,110273,189727,0,0,16,0,0,0,0,0,0,0,0,0,0,0,0,0,0,0,0,True
2,before,100000,300000,4,0,True,1,191095,0,0,0,4,1,8,hot,0,0.23499,36683776,5874560,2217600,299260264,299260264,1155594,0,107401,192599,0,0,16,0,0,0,0,0,0,0,0,0,0,0,0,0,0,0,0,True
2,before,100000,300000,4,0,True,1,1287,1,271651,28349,4,1,8,uniform,0,0.207628,37552128,5880360,2223400,49189464,49189464,170094,0,271651,28349,0,0,16,0,0,0,0,0,0,0,0,0,0,0,0,0,0,0,0,True
2,after,100000,300000,4,0,True,1,1304,1,271574,28426,4,1,8,uniform,0,0.227306,37486592,5867960,2211000,49314536,49314536,170556,0,271574,28426,0,0,16,0,0,0,0,0,0,0,0,0,0,0,0,0,0,0,0,True
2,before,100000,300000,4,0,True,1,138082,0,0,0,2,1,4,hot,0,0.227705,35569664,4745008,1088048,232557560,232557560,887526,0,152079,147921,0,0,16,0,0,0,0,0,0,0,0,0,0,0,0,0,0,0,0,True
2,after,100000,300000,4,0,True,1,139643,0,0,0,2,1,4,hot,0,0.211684,35586048,4746776,1089816,234727912,234727912,896190,0,150635,149365,0,0,16,0,0,0,0,0,0,0,0,0,0,0,0,0,0,0,0,True
3,after,100000,300000,4,0,True,1,2512,1,243926,56074,4,2,4,uniform,0,0.174984,37060608,4691968,1035008,91912376,91912376,336444,0,243926,56074,0,0,16,0,0,0,0,0,0,0,0,0,0,0,0,0,0,0,0,True
3,before,100000,300000,4,0,True,1,2490,1,243982,56018,4,2,4,uniform,0,0.190005,35946496,4696440,1039480,91818664,91818664,336108,0,243982,56018,0,0,16,0,0,0,0,0,0,0,0,0,0,0,0,0,0,0,0,True
3,before,100000,300000,4,0,True,1,1342,0,0,0,2,1,8,uniform,0,0.133481,37355520,5875960,2219000,49299776,49299776,170496,0,271584,28416,0,0,16,0,0,0,0,0,0,0,0,0,0,0,0,0,0,0,0,True
3,after,100000,300000,4,0,True,1,1315,0,0,0,2,1,8,uniform,0,0.123583,37322752,5873160,2216200,49263456,49263456,170376,0,271604,28396,0,0,16,0,0,0,0,0,0,0,0,0,0,0,0,0,0,0,0,True
3,before,100000,300000,4,0,True,1,240866,0,0,0,4,1,2,hot,0,0.255281,35143680,4118064,461104,384631712,384631712,1497096,0,50484,249516,0,0,16,0,0,0,0,0,0,0,0,0,0,0,0,0,0,0,0,True
3,after,100000,300000,4,0,True,1,240210,0,0,0,4,1,2,hot,0,0.266846,35307520,4118736,461776,383756728,383756728,1493586,0,51069,248931,0,0,16,0,0,0,0,0,0,0,0,0,0,0,0,0,0,0,0,True
3,after,100000,300000,4,0,True,1,202595,0,0,0,2,2,2,hot,0,0.225277,35340288,4120416,463456,335328040,335328040,1299756,0,83374,216626,0,0,16,0,0,0,0,0,0,0,0,0,0,0,0,0,0,0,0,True
3,before,100000,300000,4,0,True,1,193962,0,0,0,2,2,2,hot,0,0.250753,35225600,4120752,463792,324432632,324432632,1256190,0,90635,209365,0,0,16,0,0,0,0,0,0,0,0,0,0,0,0,0,0,0,0,True
3,before,100000,300000,4,0,True,1,196047,0,0,0,4,1,8,hot,0,0.225815,36536320,5877360,2220400,306501216,306501216,1184736,0,102544,197456,0,0,16,0,0,0,0,0,0,0,0,0,0,0,0,0,0,0,0,True
3,after,100000,300000,4,0,True,1,197201,0,0,0,4,1,8,hot,0,0.228787,36700160,5878360,2221400,308193608,308193608,1191468,0,101422,198578,0,0,16,0,0,0,0,0,0,0,0,0,0,0,0,0,0,0,0,True
3,after,100000,300000,4,0,True,1,192685,1,105822,194178,4,1,8,hot,0,0.271298,36519936,5875160,2218200,301633608,301633608,1165068,0,105822,194178,0,0,16,0,0,0,0,0,0,0,0,0,0,0,0,0,0,0,0,True
3,before,100000,300000,4,0,True,1,198536,1,100107,199893,4,1,8,hot,0,0.284987,36536320,5876160,2219200,310147048,310147048,1199358,0,100107,199893,0,0,16,0,0,0,0,0,0,0,0,0,0,0,0,0,0,0,0,True
3,after,100000,300000,4,0,True,1,220848,1,75745,224255,4,2,4,hot,0,0.27012,35815424,4733360,1076400,346728288,346728288,1345530,0,75745,224255,0,0,16,0,0,0,0,0,0,0,0,0,0,0,0,0,0,0,0,True
3,before,100000,300000,4,0,True,1,223021,1,73710,226290,4,2,4,hot,0,0.264795,36225024,4730968,1074008,349752648,349752648,1357740,0,73710,226290,0,0,16,0,0,0,0,0,0,0,0,0,0,0,0,0,0,0,0,True
3,before,100000,300000,4,0,True,1,2587,0,0,0,2,1,4,uniform,0,0.128606,35946496,4693840,1036880,91957104,91957104,336624,0,243896,56104,0,0,16,0,0,0,0,0,0,0,0,0,0,0,0,0,0,0,0,True
3,after,100000,300000,4,0,True,1,2497,0,0,0,2,1,4,uniform,0,0.13107,36143104,4695088,1038128,91858704,91858704,336264,0,243956,56044,0,0,16,0,0,0,0,0,0,0,0,0,0,0,0,0,0,0,0,True
3,before,100000,300000,4,0,True,1,2552,0,0,0,2,2,4,uniform,0,0.135136,35995648,4690720,1033760,91954008,91954008,336618,0,243897,56103,0,0,16,0,0,0,0,0,0,0,0,0,0,0,0,0,0,0,0,True
3,after,100000,300000,4,0,True,1,2557,0,0,0,2,2,4,uniform,0,0.138368,36061184,4693320,1036360,91926072,91926072,336504,0,243916,56084,0,0,16,0,0,0,0,0,0,0,0,0,0,0,0,0,0,0,0,True
3,after,100000,300000,4,0,True,1,0,0,0,0,2,2,0,hot,0,0.268126,36012032,3656960,0,460800000,460800000,1800000,0,0,300000,0,0,16,0,0,0,0,0,0,0,0,0,0,0,0,0,0,0,0,True
3,before,100000,300000,4,0,True,1,0,0,0,0,2,2,0,hot,0,0.277459,37568512,3656960,0,460800000,460800000,1800000,0,0,300000,0,0,16,0,0,0,0,0,0,0,0,0,0,0,0,0,0,0,0,True
3,before,100000,300000,4,0,True,1,4087,1,202709,97291,2,2,2,uniform,0,0.190843,36159488,4117952,460992,154807304,154807304,583746,0,202709,97291,0,0,16,0,0,0,0,0,0,0,0,0,0,0,0,0,0,0,0,True
3,after,100000,300000,4,0,True,1,4261,1,202658,97342,2,2,2,uniform,0,0.185122,35504128,4119408,462448,154885696,154885696,584052,0,202658,97342,0,0,16,0,0,0,0,0,0,0,0,0,0,0,0,0,0,0,0,True
3,before,100000,300000,4,0,True,1,1289,1,271602,28398,4,2,8,uniform,0,0.167894,37650432,5874160,2217200,49273328,49273328,170388,0,271602,28398,0,0,16,0,0,0,0,0,0,0,0,0,0,0,0,0,0,0,0,True
3,after,100000,300000,4,0,True,1,1311,1,271593,28407,4,2,8,uniform,0,0.165116,37568512,5878560,2221600,49284352,49284352,170442,0,271593,28407,0,0,16,0,0,0,0,0,0,0,0,0,0,0,0,0,0,0,0,True
3,after,100000,300000,4,0,True,1,1176,1,271678,28322,2,2,8,uniform,0,0.170931,37470208,5878360,2221400,49141392,49141392,169932,0,271678,28322,0,0,16,0,0,0,0,0,0,0,0,0,0,0,0,0,0,0,0,True
3,before,100000,300000,4,0,True,1,1259,1,271624,28376,2,2,8,uniform,0,0.164708,37404672,5877160,2220200,49232336,49232336,170256,0,271624,28376,0,0,16,0,0,0,0,0,0,0,0,0,0,0,0,0,0,0,0,True
3,before,100000,300000,4,0,True,1,1328,0,0,0,4,1,8,uniform,0,0.139907,37437440,5885160,2228200,49304048,49304048,170508,0,271582,28418,0,0,16,0,0,0,0,0,0,0,0,0,0,0,0,0,0,0,0,True
3,after,100000,300000,4,0,True,1,1309,0,0,0,4,1,8,uniform,0,0.12899,37486592,5877160,2220200,49299840,49299840,170490,0,271585,28415,0,0,16,0,0,0,0,0,0,0,0,0,0,0,0,0,0,0,0,True
3,after,100000,300000,4,0,True,1,2551,0,0,0,4,1,4,uniform,0,0.147288,35913728,4700288,1043328,91833872,91833872,336180,0,243970,56030,0,0,16,0,0,0,0,0,0,0,0,0,0,0,0,0,0,0,0,True
3,before,100000,300000,4,0,True,1,2653,0,0,0,4,1,4,uniform,0,0.143531,35979264,4696544,1039584,91981032,91981032,336726,0,243879,56121,0,0,16,0,0,0,0,0,0,0,0,0,0,0,0,0,0,0,0,True
3,after,100000,300000,4,0,True,1,158420,1,118936,181064,2,1,2,hot,0,0.270764,35045376,4122768,465808,281895760,281895760,1086384,0,118936,181064,0,0,16,0,0,0,0,0,0,0,0,0,0,0,0,0,0,0,0,True
3,before,100000,300000,4,0,True,1,158448,1,118842,181158,2,1,2,hot,0,0.288444,35012608,4124280,467320,282035160,282035160,1086948,0,118842,181158,0,0,16,0,0,0,0,0,0,0,0,0,0,0,0,0,0,0,0,True
3,before,100000,300000,4,0,True,1,177138,1,104343,195657,2,2,2,hot,0,0.245083,35176448,4120808,463848,303844632,303844632,1173942,0,104343,195657,0,0,16,0,0,0,0,0,0,0,0,0,0,0,0,0,0,0,0,True
3,after,100000,300000,4,0,True,1,182707,1,99880,200120,2,2,2,hot,0,0.244168,35274752,4121872,464912,310550896,310550896,1200720,0,99880,200120,0,0,16,0,0,0,0,0,0,0,0,0,0,0,0,0,0,0,0,True
3,before,100000,300000,4,0,True,1,142846,0,0,0,2,1,4,hot,0,0.228374,35536896,4742928,1085968,239036280,239036280,913464,0,147756,152244,0,0,16,0,0,0,0,0,0,0,0,0,0,0,0,0,0,0,0,True
3,after,100000,300000,4,0,True,1,137960,0,0,0,2,1,4,hot,0,0.213657,35504128,4744800,1087840,232400384,232400384,886962,0,152173,147827,0,0,16,0,0,0,0,0,0,0,0,0,0,0,0,0,0,0,0,True
3,before,100000,300000,4,0,True,1,0,0,0,0,2,2,0,uniform,0,0.204862,45449216,3656960,0,460800000,460800000,1800000,0,0,300000,0,0,16,0,0,0,0,0,0,0,0,0,0,0,0,0,0,0,0,True
3,after,100000,300000,4,0,True,1,0,0,0,0,2,2,0,uniform,0,0.194346,38813696,3656960,0,460800000,460800000,1800000,0,0,300000,0,0,16,0,0,0,0,0,0,0,0,0,0,0,0,0,0,0,0,True
3,after,100000,300000,4,0,True,1,2421,1,243993,56007,2,2,4,uniform,0,0.173356,35831808,4697064,1040104,91801040,91801040,336042,0,243993,56007,0,0,16,0,0,0,0,0,0,0,0,0,0,0,0,0,0,0,0,True
3,before,100000,300000,4,0,True,1,2335,1,244008,55992,2,2,4,uniform,0,0.167788,35782656,4693008,1036048,91779144,91779144,335952,0,244008,55992,0,0,16,0,0,0,0,0,0,0,0,0,0,0,0,0,0,0,0,True
3,before,100000,300000,4,0,True,1,0,0,0,0,2,1,0,uniform,0,0.233322,36519936,3656960,0,460800000,460800000,1800000,0,0,300000,0,0,16,0,0,0,0,0,0,0,0,0,0,0,0,0,0,0,0,True
3,after,100000,300000,4,0,True,1,0,0,0,0,2,1,0,uniform,0,0.246275,35897344,3656960,0,460800000,460800000,1800000,0,0,300000,0,0,16,0,0,0,0,0,0,0,0,0,0,0,0,0,0,0,0,True
3,after,100000,300000,4,0,True,1,4473,0,0,0,4,2,2,uniform,0,0.193231,35602432,4119240,462280,154995792,154995792,584472,0,202588,97412,0,0,16,0,0,0,0,0,0,0,0,0,0,0,0,0,0,0,0,True
3,before,100000,300000,4,0,True,1,4383,0,0,0,4,2,2,uniform,0,0.197195,35471360,4117840,460880,154959400,154959400,584334,0,202611,97389,0,0,16,0,0,0,0,0,0,0,0,0,0,0,0,0,0,0,0,True
3,after,100000,300000,4,0,True,1,4499,0,0,0,2,2,2,uniform,0,0.15908,35651584,4122768,465808,154957072,154957072,584340,0,202610,97390,0,0,16,0,0,0,0,0,0,0,0,0,0,0,0,0,0,0,0,True
3,before,100000,300000,4,0,True,1,4575,0,0,0,2,2,2,uniform,0,0.16445,35651584,4116328,459368,155078616,155078616,584808,0,202532,97468,0,0,16,0,0,0,0,0,0,0,0,0,0,0,0,0,0,0,0,True
3,before,100000,300000,4,0,True,1,71615,1,220648,79352,2,1,8,hot,0,0.223346,36388864,5915560,2258600,129964272,129964272,476112,0,220648,79352,0,0,16,0,0,0,0,0,0,0,0,0,0,0,0,0,0,0,0,True
3,after,100000,300000,4,0,True,1,71786,1,220508,79492,2,1,8,hot,0,0.23349,36388864,5915360,2258400,130199712,130199712,476952,0,220508,79492,0,0,16,0,0,0,0,0,0,0,0,0,0,0,0,0,0,0,0,True
3,before,100000,300000,4,0,True,1,2508,0,0,0,4,2,4,uniform,0,0.166052,36110336,4694880,1037920,91870728,91870728,336300,0,243950,56050,0,0,16,0,0,0,0,0,0,0,0,0,0,0,0,0,0,0,0,True
3,after,100000,300000,4,0,True,1,2521,0,0,0,4,2,4,uniform,0,0.181478,36093952,4694152,1037192,91859408,91859408,336270,0,243955,56045,0,0,16,0,0,0,0,0,0,0,0,0,0,0,0,0,0,0,0,True
3,after,100000,300000,4,0,True,1,0,0,0,0,4,1,0,hot,0,0.282757,34684928,3656960,0,460800000,460800000,1800000,0,0,300000,0,0,16,0,0,0,0,0,0,0,0,0,0,0,0,0,0,0,0,True
3,before,100000,300000,4,0,True,1,0,0,0,0,4,1,0,hot,0,0.259954,34734080,3656960,0,460800000,460800000,1800000,0,0,300000,0,0,16,0,0,0,0,0,0,0,0,0,0,0,0,0,0,0,0,True
3,after,100000,300000,4,0,True,1,4483,1,202584,97416,4,2,2,uniform,0,0.193722,35504128,4117672,460712,155000760,155000760,584496,0,202584,97416,0,0,16,0,0,0,0,0,0,0,0,0,0,0,0,0,0,0,0,True
3,before,100000,300000,4,0,True,1,4503,1,202542,97458,4,2,2,uniform,0,0.188873,35569664,4116440,459480,155063704,155063704,584748,0,202542,97458,0,0,16,0,0,0,0,0,0,0,0,0,0,0,0,0,0,0,0,True
3,after,100000,300000,4,0,True,1,2314,1,244020,55980,2,1,4,uniform,0,0.187986,35684352,4690408,1033448,91755928,91755928,335880,0,244020,55980,0,0,16,0,0,0,0,0,0,0,0,0,0,0,0,0,0,0,0,True
3,before,100000,300000,4,0,True,1,2393,1,243991,56009,2,1,4,uniform,0,0.209435,35733504,4694048,1037088,91800368,91800368,336054,0,243991,56009,0,0,16,0,0,0,0,0,0,0,0,0,0,0,0,0,0,0,0,True
3,before,100000,300000,4,0,True,1,4098,1,202714,97286,2,1,2,uniform,0,0.214232,35258368,4119520,462560,154799288,154799288,583716,0,202714,97286,0,0,16,0,0,0,0,0,0,0,0,0,0,0,0,0,0,0,0,True
3,after,100000,300000,4,0,True,1,3972,1,202788,97212,2,1,2,uniform,0,0.224243,35340288,4117952,460992,154688144,154688144,583272,0,202788,97212,0,0,16,0,0,0,0,0,0,0,0,0,0,0,0,0,0,0,0,True
3,before,100000,300000,4,0,True,1,1375,0,0,0,2,2,8,uniform,0,0.128578,37257216,5870360,2213400,49375496,49375496,170766,0,271539,28461,0,0,16,0,0,0,0,0,0,0,0,0,0,0,0,0,0,0,0,True
3,after,100000,300000,4,0,True,1,1356,0,0,0,2,2,8,uniform,0,0.111005,37257216,5874360,2217400,49369080,49369080,170730,0,271545,28455,0,0,16,0,0,0,0,0,0,0,0,0,0,0,0,0,0,0,0,True
3,after,100000,300000,4,0,True,1,219299,0,0,0,4,1,4,hot,0,0.240545,35700736,4731384,1074424,344466936,344466936,1336476,0,77254,222746,0,0,16,0,0,0,0,0,0,0,0,0,0,0,0,0,0,0,0,True
3,before,100000,300000,4,0,True,1,226019,0,0,0,4,1,4,hot,0,0.254942,35602432,4731696,1074736,354079600,354079600,1375074,0,70821,229179,0,0,16,0,0,0,0,0,0,0,0,0,0,0,0,0,0,0,0,True
3,after,100000,300000,4,0,True,1,173860,1,124149,175851,4,2,8,hot,0,0.277508,36814848,5879960,2223000,274306536,274306536,1055106,0,124149,175851,0,0,16,0,0,0,0,0,0,0,0,0,0,0,0,0,0,0,0,True
3,before,100000,300000,4,0,True,1,182203,1,116056,183944,4,2,8,hot,0,0.266844,36782080,5879160,2222200,286361384,286361384,1103664,0,116056,183944,0,0,16,0,0,0,0,0,0,0,0,0,0,0,0,0,0,0,0,True
3,after,100000,300000,4,0,True,1,4420,0,0,0,4,1,2,uniform,0,0.160467,35520512,4122152,465192,154951824,154951824,584316,0,202614,97386,0,0,16,0,0,0,0,0,0,0,0,0,0,0,0,0,0,0,0,True
3,before,100000,300000,4,0,True,1,4448,0,0,0,4,1,2,uniform,0,0.179374,35405824,4120024,463064,154944704,154944704,584286,0,202619,97381,0,0,16,0,0,0,0,0,0,0,0,0,0,0,0,0,0,0,0,True
3,after,100000,300000,4,0,True,1,230798,1,66328,233672,4,1,4,hot,0,0.295714,35651584,4731488,1074528,360783768,360783768,1402032,0,66328,233672,0,0,16,0,0,0,0,0,0,0,0,0,0,0,0,0,0,0,0,True
3,before,100000,300000,4,0,True,1,229228,1,67802,232198,4,1,4,hot,0,0.294841,35667968,4732424,1075464,358576280,358576280,1393188,0,67802,232198,0,0,16,0,0,0,0,0,0,0,0,0,0,0,0,0,0,0,0,True
3,before,100000,300000,4,0,True,1,1301,0,0,0,4,2,8,uniform,0,0.145662,37552128,5880560,2223600,49271864,49271864,170394,0,271601,28399,0,0,16,0,0,0,0,0,0,0,0,0,0,0,0,0,0,0,0,True
3,after,100000,300000,4,0,True,1,1327,0,0,0,4,2,8,uniform,0,0.166707,37584896,5872960,2216000,49359400,49359400,170700,0,271550,28450,0,0,16,0,0,0,0,0,0,0,0,0,0,0,0,0,0,0,0,True
3,after,100000,300000,4,0,True,1,211195,0,0,0,4,2,4,hot,0,0.267366,35864576,4735128,1078168,333096112,333096112,1290738,0,84877,215123,0,0,16,0,0,0,0,0,0,0,0,0,0,0,0,0,0,0,0,True
3,before,100000,300000,4,0,True,1,219496,0,0,0,4,2,4,hot,0,0.258151,35799040,4732736,1075776,344820760,344820760,1337850,0,77025,222975,0,0,16,0,0,0,0,0,0,0,0,0,0,0,0,0,0,0,0,True
3,before,100000,300000,4,0,True,1,93526,0,0,0,2,1,8,hot,0,0.193295,36421632,5903360,2246400,159573976,159573976,593946,0,201009,98991,0,0,16,0,0,0,0,0,0,0,0,0,0,0,0,0,0,0,0,True
3,after,100000,300000,4,0,True,1,98311,0,0,0,2,1,8,hot,0,0.191738,36372480,5906160,2249200,166306152,166306152,620892,0,196518,103482,0,0,16,0,0,0,0,0,0,0,0,0,0,0,0,0,0,0,0,True
3,before,100000,300000,4,0,True,1,0,0,0,0,4,1,0,uniform,0,0.230924,34603008,3656960,0,460800000,460800000,1800000,0,0,300000,0,0,16,0,0,0,0,0,0,0,0,0,0,0,0,0,0,0,0,True
3,after,100000,300000,4,0,True,1,0,0,0,0,4,1,0,uniform,0,0.234366,35160064,3656960,0,460800000,460800000,1800000,0,0,300000,0,0,16,0,0,0,0,0,0,0,0,0,0,0,0,0,0,0,0,True
3,before,100000,300000,4,0,True,1,0,0,0,0,4,2,0,uniform,0,0.232,41549824,3656960,0,460800000,460800000,1800000,0,0,300000,0,0,16,0,0,0,0,0,0,0,0,0,0,0,0,0,0,0,0,True
3,after,100000,300000,4,0,True,1,0,0,0,0,4,2,0,uniform,0,0.20685,44056576,3656960,0,460800000,460800000,1800000,0,0,300000,0,0,16,0,0,0,0,0,0,0,0,0,0,0,0,0,0,0,0,True
3,after,100000,300000,4,0,True,1,4482,1,202599,97401,4,1,2,uniform,0,0.205205,35323904,4118680,461720,154976096,154976096,584406,0,202599,97401,0,0,16,0,0,0,0,0,0,0,0,0,0,0,0,0,0,0,0,True
3,before,100000,300000,4,0,True,1,4411,1,202617,97383,4,1,2,uniform,0,0.226474,35520512,4121648,464688,154944584,154944584,584298,0,202617,97383,0,0,16,0,0,0,0,0,0,0,0,0,0,0,0,0,0,0,0,True
3,before,100000,300000,4,0,True,1,0,0,0,0,4,2,0,hot,0,0.278172,37650432,3656960,0,460800000,460800000,1800000,0,0,300000,0,0,16,0,0,0,0,0,0,0,0,0,0,0,0,0,0,0,0,True
3,after,100000,300000,4,0,True,1,0,0,0,0,4,2,0,hot,0,0.261524,34783232,3656960,0,460800000,460800000,1800000,0,0,300000,0,0,16,0,0,0,0,0,0,0,0,0,0,0,0,0,0,0,0,True
3,before,100000,300000,4,0,True,1,246314,1,45630,254370,4,1,2,hot,0,0.296017,35209216,4117392,460432,391897952,391897952,1526220,0,45630,254370,0,0,16,0,0,0,0,0,0,0,0,0,0,0,0,0,0,0,0,True
3,after,100000,300000,4,0,True,1,247320,1,44710,255290,4,1,2,hot,0,0.286624,35323904,4117448,460488,393277976,393277976,1531740,0,44710,255290,0,0,16,0,0,0,0,0,0,0,0,0,0,0,0,0,0,0,0,True
3,after,100000,300000,4,0,True,1,2593,1,243891,56109,4,1,4,uniform,0,0.193275,35979264,4688744,1031784,91965408,91965408,336654,0,243891,56109,0,0,16,0,0,0,0,0,0,0,0,0,0,0,0,0,0,0,0,True
3,before,100000,300000,4,0,True,1,2622,1,243871,56129,4,1,4,uniform,0,0.210155,35864576,4690512,1033552,91995296,91995296,336774,0,243871,56129,0,0,16,0,0,0,0,0,0,0,0,0,0,0,0,0,0,0,0,True
3,before,100000,300000,4,0,True,1,1296,1,271574,28426,4,1,8,uniform,0,0.219063,37486592,5874960,2218000,49314336,49314336,170556,0,271574,28426,0,0,16,0,0,0,0,0,0,0,0,0,0,0,0,0,0,0,0,True
3,after,100000,300000,4,0,True,1,1373,1,271545,28455,4,1,8,uniform,0,0.221079,37437440,5873560,2216600,49366080,49366080,170730,0,271545,28455,0,0,16,0,0,0,0,0,0,0,0,0,0,0,0,0,0,0,0,True
3,after,100000,300000,4,0,True,1,1177,1,271645,28355,2,1,8,uniform,0,0.206025,37339136,5874160,2217200,49198080,49198080,170130,0,271645,28355,0,0,16,0,0,0,0,0,0,0,0,0,0,0,0,0,0,0,0,True
3,before,100000,300000,4,0,True,1,1205,1,271636,28364,2,1,8,uniform,0,0.212599,37224448,5879760,2222800,49216504,49216504,170184,0,271636,28364,0,0,16,0,0,0,0,0,0,0,0,0,0,0,0,0,0,0,0,True
3,before,100000,300000,4,0,True,1,4182,0,0,0,2,1,2,uniform,0,0.158309,35586048,4121424,464464,154816072,154816072,583782,0,202703,97297,0,0,16,0,0,0,0,0,0,0,0,0,0,0,0,0,0,0,0,True
3,after,100000,300000,4,0,True,1,4258,0,0,0,2,1,2,uniform,0,0.171062,35504128,4119632,462672,154860648,154860648,583950,0,202675,97325,0,0,16,0,0,0,0,0,0,0,0,0,0,0,0,0,0,0,0,True
3,before,100000,300000,4,0,True,1,242915,1,48625,251375,4,2,2,hot,0,0.276708,35225600,4116944,459984,387411424,387411424,1508250,0,48625,251375,0,0,16,0,0,0,0,0,0,0,0,0,0,0,0,0,0,0,0,True
3,after,100000,300000,4,0,True,1,242112,1,49361,250639,4,2,2,hot,0,0.271125,35323904,4117952,460992,386306856,386306856,1503834,0,49361,250639,0,0,16,0,0,0,0,0,0,0,0,0,0,0,0,0,0,0,0,True
3,after,100000,300000,4,0,True,1,87940,1,206088,93912,2,2,8,hot,0,0.193364,36519936,5907960,2251000,151981032,151981032,563472,0,206088,93912,0,0,16,0,0,0,0,0,0,0,0,0,0,0,0,0,0,0,0,True
3,before,100000,300000,4,0,True,1,89695,1,204465,95535,2,2,8,hot,0,0.198452,36503552,5909960,2253000,154402360,154402360,573210,0,204465,95535,0,0,16,0,0,0,0,0,0,0,0,0,0,0,0,0,0,0,0,True
3,before,100000,300000,4,0,True,1,242241,0,0,0,4,2,2,hot,0,0.272419,35176448,4117336,460376,386525248,386525248,1504686,0,49219,250781,0,0,16,0,0,0,0,0,0,0,0,0,0,0,0,0,0,0,0,True
3,after,100000,300000,4,0,True,1,240036,0,0,0,4,2,2,hot,0,0.259269,35209216,4117056,460096,383537840,383537840,1492722,0,51213,248787,0,0,16,0,0,0,0,0,0,0,0,0,0,0,0,0,0,0,0,True
3,before,100000,300000,4,0,True,1,180592,0,0,0,2,1,2,hot,0,0.266469,35028992,4121760,464800,308056624,308056624,1190772,0,101538,198462,0,0,16,0,0,0,0,0,0,0,0,0,0,0,0,0,0,0,0,True
3,after,100000,300000,4,0,True,1,179107,0,0,0,2,1,2,hot,0,0.263514,35061760,4122432,465472,306244584,306244584,1183536,0,102744,197256,0,0,16,0,0,0,0,0,0,0,0,0,0,0,0,0,0,0,0,True
3,after,100000,300000,4,0,True,1,0,0,0,0,2,1,0,hot,0,0.298289,35127296,3656960,0,460800000,460800000,1800000,0,0,300000,0,0,16,0,0,0,0,0,0,0,0,0,0,0,0,0,0,0,0,True
3,before,100000,300000,4,0,True,1,0,0,0,0,2,1,0,hot,0,0.332305,35061760,3656960,0,460800000,460800000,1800000,0,0,300000,0,0,16,0,0,0,0,0,0,0,0,0,0,0,0,0,0,0,0,True
3,before,100000,300000,4,0,True,1,112775,0,0,0,2,2,8,hot,0,0.180908,36503552,5897960,2241000,186858768,186858768,703578,0,182737,117263,0,0,16,0,0,0,0,0,0,0,0,0,0,0,0,0,0,0,0,True
3,after,100000,300000,4,0,True,1,115335,0,0,0,2,2,8,hot,0,0.183325,36552704,5898160,2241200,190485872,190485872,718212,0,180298,119702,0,0,16,0,0,0,0,0,0,0,0,0,0,0,0,0,0,0,0,True
3,before,100000,300000,4,0,True,1,151536,0,0,0,2,2,4,hot,0,0.218172,35618816,4742824,1085864,250778360,250778360,960456,0,139924,160076,0,0,16,0,0,0,0,0,0,0,0,0,0,0,0,0,0,0,0,True
3,after,100000,300000,4,0,True,1,167530,0,0,0,2,2,4,hot,0,0.216271,35569664,4740328,1083368,272607352,272607352,1048020,0,125330,174670,0,0,16,0,0,0,0,0,0,0,0,0,0,0,0,0,0,0,0,True
3,before,100000,300000,4,0,True,1,133981,1,155681,144319,2,2,4,hot,0,0.228711,35536896,4745112,1088152,227142096,227142096,865914,0,155681,144319,0,0,16,0,0,0,0,0,0,0,0,0,0,0,0,0,0,0,0,True
3,after,100000,300000,4,0,True,1,135746,1,154047,145953,2,2,4,hot,0,0.231338,35684352,4747608,1090648,229608344,229608344,875718,0,154047,145953,0,0,16,0,0,0,0,0,0,0,0,0,0,0,0,0,0,0,0,True
3,before,100000,300000,4,0,True,1,183811,0,0,0,4,2,8,hot,0,0.244829,36700160,5880960,2224000,288779424,288779424,1113204,0,114466,185534,0,0,16,0,0,0,0,0,0,0,0,0,0,0,0,0,0,0,0,True
3,after,100000,300000,4,0,True,1,181330,0,0,0,4,2,8,hot,0,0.234069,36765696,5882560,2225600,285075088,285075088,1098498,0,116917,183083,0,0,16,0,0,0,0,0,0,0,0,0,0,0,0,0,0,0,0,True
3,after,100000,300000,4,0,True,1,114318,1,172308,127692,2,1,4,hot,0,0.264402,35553280,4749792,1092832,202130616,202130616,766152,0,172308,127692,0,0,16,0,0,0,0,0,0,0,0,0,0,0,0,0,0,0,0,True
3,before,100000,300000,4,0,True,1,113843,1,172880,127120,2,1,4,hot,0,0.25251,35504128,4748024,1091064,201250152,201250152,762720,0,172880,127120,0,0,16,0,0,0,0,0,0,0,0,0,0,0,0,0,0,0,0,True
4,after,100000,300000,4,0,True,1,97787,0,0,0,2,1,8,hot,0,0.187026,36372480,5903360,2246400,165584952,165584952,618042,0,196993,103007,0,0,16,0,0,0,0,0,0,0,0,0,0,0,0,0,0,0,0,True
4,before,100000,300000,4,0,True,1,100399,0,0,0,2,1,8,hot,0,0.180196,36454400,5905560,2248600,169329312,169329312,632952,0,194508,105492,0,0,16,0,0,0,0,0,0,0,0,0,0,0,0,0,0,0,0,True
4,before,100000,300000,4,0,True,1,1332,0,0,0,4,1,8,uniform,0,0.149316,37437440,5865960,2209000,49366952,49366952,170742,0,271543,28457,0,0,16,0,0,0,0,0,0,0,0,0,0,0,0,0,0,0,0,True
4,after,100000,300000,4,0,True,1,1314,0,0,0,4,1,8,uniform,0,0.148646,37584896,5873160,2216200,49318200,49318200,170550,0,271575,28425,0,0,16,0,0,0,0,0,0,0,0,0,0,0,0,0,0,0,0,True
4,before,100000,300000,4,0,True,1,1286,0,0,0,4,2,8,uniform,0,0.143773,37568512,5879160,2222200,49281744,49281744,170424,0,271596,28404,0,0,16,0,0,0,0,0,0,0,0,0,0,0,0,0,0,0,0,True
4,after,100000,300000,4,0,True,1,1355,0,0,0,4,2,8,uniform,0,0.162078,37748736,5881760,2224800,49301248,49301248,170508,0,271582,28418,0,0,16,0,0,0,0,0,0,0,0,0,0,0,0,0,0,0,0,True
4,after,100000,300000,4,0,True,1,238280,1,52748,247252,4,2,2,hot,0,0.282875,35094528,4118232,461272,381240728,381240728,1483512,0,52748,247252,0,0,16,0,0,0,0,0,0,0,0,0,0,0,0,0,0,0,0,True
4,before,100000,300000,4,0,True,1,242321,1,49192,250808,4,2,2,hot,0,0.279606,35586048,4118064,461104,386568792,386568792,1504848,0,49192,250808,0,0,16,0,0,0,0,0,0,0,0,0,0,0,0,0,0,0,0,True
4,before,100000,300000,4,0,True,1,189428,1,109012,190988,4,2,8,hot,0,0.24389,36896768,5880560,2223600,296856768,296856768,1145928,0,109012,190988,0,0,16,0,0,0,0,0,0,0,0,0,0,0,0,0,0,0,0,True
4,after,100000,300000,4,0,True,1,185267,1,113056,186944,4,2,8,hot,0,0.241507,36782080,5880360,2223400,290837984,290837984,1121664,0,113056,186944,0,0,16,0,0,0,0,0,0,0,0,0,0,0,0,0,0,0,0,True
4,before,100000,300000,4,0,True,1,4587,0,0,0,2,2,2,uniform,0,0.20001,35553280,4116328,459368,155021344,155021344,584574,0,202571,97429,0,0,16,0,0,0,0,0,0,0,0,0,0,0,0,0,0,0,0,True
4,after,100000,300000,4,0,True,1,4239,0,0,0,2,2,2,uniform,0,0.163816,35520512,4117952,460992,154812056,154812056,583758,0,202707,97293,0,0,16,0,0,0,0,0,0,0,0,0,0,0,0,0,0,0,0,True
4,before,100000,300000,4,0,True,1,2565,0,0,0,4,2,4,uniform,0,0.174209,35962880,4688848,1031888,91940912,91940912,336564,0,243906,56094,0,0,16,0,0,0,0,0,0,0,0,0,0,0,0,0,0,0,0,True
4,after,100000,300000,4,0,True,1,2468,0,0,0,4,2,4,uniform,0,0.141761,36175872,4687912,1030952,91965016,91965016,336648,0,243892,56108,0,0,16,0,0,0,0,0,0,0,0,0,0,0,0,0,0,0,0,True
4,before,100000,300000,4,0,True,1,0,0,0,0,2,2,0,uniform,0,0.192308,41615360,3656960,0,460800000,460800000,1800000,0,0,300000,0,0,16,0,0,0,0,0,0,0,0,0,0,0,0,0,0,0,0,True
4,after,100000,300000,4,0,True,1,0,0,0,0,2,2,0,uniform,0,0.205508,38731776,3656960,0,460800000,460800000,1800000,0,0,300000,0,0,16,0,0,0,0,0,0,0,0,0,0,0,0,0,0,0,0,True
4,after,100000,300000,4,0,True,1,198790,0,0,0,4,1,8,hot,0,0.240271,36667392,5875360,2218400,310454992,310454992,1200732,0,99878,200122,0,0,16,0,0,0,0,0,0,0,0,0,0,0,0,0,0,0,0,True
4,before,100000,300000,4,0,True,1,203181,0,0,0,4,1,8,hot,0,0.250498,36683776,5872560,2215600,316922944,316922944,1226574,0,95571,204429,0,0,16,0,0,0,0,0,0,0,0,0,0,0,0,0,0,0,0,True
4,before,100000,300000,4,0,True,1,0,0,0,0,4,2,0,hot,0,0.282127,34766848,3656960,0,460800000,460800000,1800000,0,0,300000,0,0,16,0,0,0,0,0,0,0,0,0,0,0,0,0,0,0,0,True
4,after,100000,300000,4,0,True,1,0,0,0,0,4,2,0,hot,0,0.2902,35848192,3656960,0,460800000,460800000,1800000,0,0,300000,0,0,16,0,0,0,0,0,0,0,0,0,0,0,0,0,0,0,0,True
4,before,100000,300000,4,0,True,1,113522,1,173104,126896,2,1,4,hot,0,0.256177,35569664,4748752,1091792,200913992,200913992,761376,0,173104,126896,0,0,16,0,0,0,0,0,0,0,0,0,0,0,0,0,0,0,0,True
4,after,100000,300000,4,0,True,1,113568,1,173222,126778,2,1,4,hot,0,0.260378,35569664,4748232,1091272,200739296,200739296,760668,0,173222,126778,0,0,16,0,0,0,0,0,0,0,0,0,0,0,0,0,0,0,0,True
4,before,100000,300000,4,0,True,1,89488,1,204704,95296,2,2,8,hot,0,0.193445,36470784,5909360,2252400,154010056,154010056,571776,0,204704,95296,0,0,16,0,0,0,0,0,0,0,0,0,0,0,0,0,0,0,0,True
4,after,100000,300000,4,0,True,1,85717,1,208054,91946,2,2,8,hot,0,0.2232,37634048,5909560,2252600,148982456,148982456,551676,0,208054,91946,0,0,16,0,0,0,0,0,0,0,0,0,0,0,0,0,0,0,0,True
4,after,100000,300000,4,0,True,1,4097,1,202728,97272,2,2,2,uniform,0,0.194223,35504128,4119576,462616,154777448,154777448,583632,0,202728,97272,0,0,16,0,0,0,0,0,0,0,0,0,0,0,0,0,0,0,0,True
4,before,100000,300000,4,0,True,1,4269,1,202709,97291,2,2,2,uniform,0,0.181965,35487744,4123496,466536,154804560,154804560,583746,0,202709,97291,0,0,16,0,0,0,0,0,0,0,0,0,0,0,0,0,0,0,0,True
4,after,100000,300000,4,0,True,1,1184,1,271627,28373,2,1,8,uniform,0,0.202875,37371904,5877160,2220200,49229328,49229328,170238,0,271627,28373,0,0,16,0,0,0,0,0,0,0,0,0,0,0,0,0,0,0,0,True
4,before,100000,300000,4,0,True,1,1213,1,271621,28379,2,1,8,uniform,0,0.210027,37257216,5872560,2215600,49236344,49236344,170274,0,271621,28379,0,0,16,0,0,0,0,0,0,0,0,0,0,0,0,0,0,0,0,True
4,after,100000,300000,4,0,True,1,0,0,0,0,2,1,0,hot,0,0.304696,35307520,3656960,0,460800000,460800000,1800000,0,0,300000,0,0,16,0,0,0,0,0,0,0,0,0,0,0,0,0,0,0,0,True
4,before,100000,300000,4,0,True,1,0,0,0,0,2,1,0,hot,0,0.314122,35127296,3656960,0,460800000,460800000,1800000,0,0,300000,0,0,16,0,0,0,0,0,0,0,0,0,0,0,0,0,0,0,0,True
4,after,100000,300000,4,0,True,1,2606,0,0,0,4,1,4,uniform,0,0.176537,35864576,4689056,1032096,91966816,91966816,336666,0,243889,56111,0,0,16,0,0,0,0,0,0,0,0,0,0,0,0,0,0,0,0,True
4,before,100000,300000,4,0,True,1,2611,0,0,0,4,1,4,uniform,0,0.156712,35979264,4696128,1039168,91881744,91881744,336354,0,243941,56059,0,0,16,0,0,0,0,0,0,0,0,0,0,0,0,0,0,0,0,True
4,after,100000,300000,4,0,True,1,194729,0,0,0,2,2,2,hot,0,0.236608,35258368,4121256,464296,325592808,325592808,1260858,0,89857,210143,0,0,16,0,0,0,0,0,0,0,0,0,0,0,0,0,0,0,0,True
4,before,100000,300000,4,0,True,1,196382,0,0,0,2,2,2,hot,0,0.230713,35848192,4121032,464072,327495336,327495336,1268442,0,88593,211407,0,0,16,0,0,0,0,0,0,0,0,0,0,0,0,0,0,0,0,True
4,before,100000,300000,4,0,True,1,133886,0,0,0,2,1,4,hot,0,0.221992,35536896,4746048,1089088,227034880,227034880,865392,0,155768,144232,0,0,16,0,0,0,0,0,0,0,0,0,0,0,0,0,0,0,0,True
4,after,100000,300000,4,0,True,1,134094,0,0,0,2,1,4,hot,0,0.213983,35618816,4743864,1086904,227413736,227413736,866982,0,155503,144497,0,0,16,0,0,0,0,0,0,0,0,0,0,0,0,0,0,0,0,True
4,after,100000,300000,4,0,True,1,4407,0,0,0,4,1,2,uniform,0,0.172837,35389440,4117840,460880,154916896,154916896,584166,0,202639,97361,0,0,16,0,0,0,0,0,0,0,0,0,0,0,0,0,0,0,0,True
4,before,100000,300000,4,0,True,1,4354,0,0,0,4,1,2,uniform,0,0.17386,35520512,4123608,466648,154879768,154879768,584040,0,202660,97340,0,0,16,0,0,0,0,0,0,0,0,0,0,0,0,0,0,0,0,True
4,before,100000,300000,4,0,True,1,229919,0,0,0,4,1,4,hot,0,0.253531,35651584,4732632,1075672,359546752,359546752,1397076,0,67154,232846,0,0,16,0,0,0,0,0,0,0,0,0,0,0,0,0,0,0,0,True
4,after,100000,300000,4,0,True,1,225628,0,0,0,4,1,4,hot,0,0.231726,35897344,4730864,1073904,353489000,353489000,1372704,0,71216,228784,0,0,16,0,0,0,0,0,0,0,0,0,0,0,0,0,0,0,0,True
4,before,100000,300000,4,0,True,1,1352,0,0,0,2,1,8,uniform,0,0.129901,37322752,5876160,2219200,49314608,49314608,170568,0,271572,28428,0,0,16,0,0,0,0,0,0,0,0,0,0,0,0,0,0,0,0,True
4,after,100000,300000,4,0,True,1,1229,0,0,0,2,1,8,uniform,0,0.134698,37240832,5876360,2219400,49264392,49264392,170382,0,271603,28397,0,0,16,0,0,0,0,0,0,0,0,0,0,0,0,0,0,0,0,True
4,after,100000,300000,4,0,True,1,220393,0,0,0,4,2,4,hot,0,0.248319,36093952,4733360,1076400,346081112,346081112,1342926,0,76179,223821,0,0,16,0,0,0,0,0,0,0,0,0,0,0,0,0,0,0,0,True
4,before,100000,300000,4,0,True,1,214649,0,0,0,4,2,4,hot,0,0.228289,36552704,4732840,1075880,337896856,337896856,1310004,0,81666,218334,0,0,16,0,0,0,0,0,0,0,0,0,0,0,0,0,0,0,0,True
4,after,100000,300000,4,0,True,1,0,0,0,0,4,2,0,uniform,0,0.227924,40763392,3656960,0,460800000,460800000,1800000,0,0,300000,0,0,16,0,0,0,0,0,0,0,0,0,0,0,0,0,0,0,0,True
4,before,100000,300000,4,0,True,1,0,0,0,0,4,2,0,uniform,0,0.23642,44138496,3656960,0,460800000,460800000,1800000,0,0,300000,0,0,16,0,0,0,0,0,0,0,0,0,0,0,0,0,0,0,0,True
4,after,100000,300000,4,0,True,1,1364,0,0,0,2,2,8,uniform,0,0.127471,37306368,5872960,2216000,49357464,49357464,170694,0,271551,28449,0,0,16,0,0,0,0,0,0,0,0,0,0,0,0,0,0,0,0,True
4,before,100000,300000,4,0,True,1,1398,0,0,0,2,2,8,uniform,0,0.118571,37601280,5873760,2216800,49351256,49351256,170676,0,271554,28446,0,0,16,0,0,0,0,0,0,0,0,0,0,0,0,0,0,0,0,True
4,after,100000,300000,4,0,True,1,4381,1,202641,97359,4,2,2,uniform,0,0.221743,35602432,4121424,464464,154910800,154910800,584154,0,202641,97359,0,0,16,0,0,0,0,0,0,0,0,0,0,0,0,0,0,0,0,True
4,before,100000,300000,4,0,True,1,4363,1,202699,97301,4,2,2,uniform,0,0.195369,35586048,4124112,467152,154820536,154820536,583806,0,202699,97301,0,0,16,0,0,0,0,0,0,0,0,0,0,0,0,0,0,0,0,True
4,before,100000,300000,4,0,True,1,230254,1,66843,233157,4,1,4,hot,0,0.275061,35815424,4730344,1073384,360003960,360003960,1398942,0,66843,233157,0,0,16,0,0,0,0,0,0,0,0,0,0,0,0,0,0,0,0,True
4,after,100000,300000,4,0,True,1,226422,1,70481,229519,4,1,4,hot,0,0.263511,35897344,4731696,1074736,354580312,354580312,1377114,0,70481,229519,0,0,16,0,0,0,0,0,0,0,0,0,0,0,0,0,0,0,0,True
4,after,100000,300000,4,0,True,1,2376,1,244004,55996,2,1,4,uniform,0,0.208186,35667968,4693736,1036776,91784664,91784664,335976,0,244004,55996,0,0,16,0,0,0,0,0,0,0,0,0,0,0,0,0,0,0,0,True
4,before,100000,300000,4,0,True,1,2281,1,244028,55972,2,1,4,uniform,0,0.2237,35799040,4689056,1032096,91747696,91747696,335832,0,244028,55972,0,0,16,0,0,0,0,0,0,0,0,0,0,0,0,0,0,0,0,True
4,before,100000,300000,4,0,True,1,239473,0,0,0,4,2,2,hot,0,0.284283,35504128,4118792,461832,382823640,382823640,1489872,0,51688,248312,0,0,16,0,0,0,0,0,0,0,0,0,0,0,0,0,0,0,0,True
4,after,100000,300000,4,0,True,1,237319,0,0,0,4,2,2,hot,0,0.281398,35667968,4118008,461048,379979856,379979856,1478478,0,53587,246413,0,0,16,0,0,0,0,0,0,0,0,0,0,0,0,0,0,0,0,True
4,before,100000,300000,4,0,True,1,241019,0,0,0,4,1,2,hot,0,0.268313,35094528,4118120,461160,384882560,384882560,1498110,0,50315,249685,0,0,16,0,0,0,0,0,0,0,0,0,0,0,0,0,0,0,0,True
4,after,100000,300000,4,0,True,1,241036,0,0,0,4,1,2,hot,0,0.276959,35241984,4117560,460600,384918952,384918952,1498248,0,50292,249708,0,0,16,0,0,0,0,0,0,0,0,0,0,0,0,0,0,0,0,True
4,after,100000,300000,4,0,True,1,118406,0,0,0,2,2,8,hot,0,0.184515,37011456,5899160,2242200,195179288,195179288,736998,0,177167,122833,0,0,16,0,0,0,0,0,0,0,0,0,0,0,0,0,0,0,0,True
4,before,100000,300000,4,0,True,1,105539,0,0,0,2,2,8,hot,0,0.189142,36569088,5903560,2246600,176544040,176544040,662190,0,189635,110365,0,0,16,0,0,0,0,0,0,0,0,0,0,0,0,0,0,0,0,True
4,after,100000,300000,4,0,True,1,178511,0,0,0,2,1,2,hot,0,0.256176,35012608,4121872,464912,305548008,305548008,1180752,0,103208,196792,0,0,16,0,0,0,0,0,0,0,0,0,0,0,0,0,0,0,0,True
4,before,100000,300000,4,0,True,1,178243,0,0,0,2,1,2,hot,0,0.256039,35045376,4121816,464856,305111392,305111392,1179006,0,103499,196501,0,0,16,0,0,0,0,0,0,0,0,0,0,0,0,0,0,0,0,True
4,before,100000,300000,4,0,True,1,220333,1,76254,223746,4,2,4,hot,0,0.264364,35749888,4732112,1075152,345976832,345976832,1342476,0,76254,223746,0,0,16,0,0,0,0,0,0,0,0,0,0,0,0,0,0,0,0,True
4,after,100000,300000,4,0,True,1,220323,1,76266,223734,4,2,4,hot,0,0.265061,35831808,4733464,1076504,345940616,345940616,1342404,0,76266,223734,0,0,16,0,0,0,0,0,0,0,0,0,0,0,0,0,0,0,0,True
4,before,100000,300000,4,0,True,1,4174,0,0,0,2,1,2,uniform,0,0.158578,35504128,4122208,465248,154736984,154736984,583470,0,202755,97245,0,0,16,0,0,0,0,0,0,0,0,0,0,0,0,0,0,0,0,True
4,after,100000,300000,4,0,True,1,4142,0,0,0,2,1,2,uniform,0,0.155185,35553280,4118736,461776,154817304,154817304,583782,0,202703,97297,0,0,16,0,0,0,0,0,0,0,0,0,0,0,0,0,0,0,0,True
4,after,100000,300000,4,0,True,1,4113,1,202745,97255,2,1,2,uniform,0,0.232255,35405824,4123440,466480,154748648,154748648,583530,0,202745,97255,0,0,16,0,0,0,0,0,0,0,0,0,0,0,0,0,0,0,0,True
4,before,100000,300000,4,0,True,1,4032,1,202780,97220,2,1,2,uniform,0,0.230594,35209216,4120416,463456,154697184,154697184,583320,0,202780,97220,0,0,16,0,0,0,0,0,0,0,0,0,0,0,0,0,0,0,0,True
4,before,100000,300000,4,0,True,1,2381,1,243983,56017,2,2,4,uniform,0,0.182178,35782656,4689368,1032408,91818168,91818168,336102,0,243983,56017,0,0,16,0,0,0,0,0,0,0,0,0,0,0,0,0,0,0,0,True
4,after,100000,300000,4,0,True,1,2464,1,243958,56042,2,2,4,uniform,0,0.176766,35766272,4693944,1036984,91859064,91859064,336252,0,243958,56042,0,0,16,0,0,0,0,0,0,0,0,0,0,0,0,0,0,0,0,True
4,before,100000,300000,4,0,True,1,245341,1,46475,253525,4,1,2,hot,0,0.295039,35110912,4117728,460768,390639792,390639792,1521150,0,46475,253525,0,0,16,0,0,0,0,0,0,0,0,0,0,0,0,0,0,0,0,True
4,after,100000,300000,4,0,True,1,246543,1,45456,254544,4,1,2,hot,0,0.312386,35569664,4116944,459984,392160288,392160288,1527264,0,45456,254544,0,0,16,0,0,0,0,0,0,0,0,0,0,0,0,0,0,0,0,True
4,before,100000,300000,4,0,True,1,2601,1,243899,56101,4,1,4,uniform,0,0.227639,36061184,4694672,1037712,91951144,91951144,336606,0,243899,56101,0,0,16,0,0,0,0,0,0,0,0,0,0,0,0,0,0,0,0,True
4,after,100000,300000,4,0,True,1,2587,1,243905,56095,4,1,4,uniform,0,0.213395,35897344,4691656,1034696,91941512,91941512,336570,0,243905,56095,0,0,16,0,0,0,0,0,0,0,0,0,0,0,0,0,0,0,0,True
4,after,100000,300000,4,0,True,1,2581,1,243883,56117,4,2,4,uniform,0,0.179997,36028416,4692696,1035736,91974888,91974888,336702,0,243883,56117,0,0,16,0,0,0,0,0,0,0,0,0,0,0,0,0,0,0,0,True
4,before,100000,300000,4,0,True,1,2563,1,243899,56101,4,2,4,uniform,0,0.177105,36012032,4693112,1036152,91946568,91946568,336606,0,243899,56101,0,0,16,0,0,0,0,0,0,0,0,0,0,0,0,0,0,0,0,True
4,before,100000,300000,4,0,True,1,0,0,0,0,4,1,0,hot,0,0.265559,34750464,3656960,0,460800000,460800000,1800000,0,0,300000,0,0,16,0,0,0,0,0,0,0,0,0,0,0,0,0,0,0,0,True
4,after,100000,300000,4,0,True,1,0,0,0,0,4,1,0,hot,0,0.285614,34668544,3656960,0,460800000,460800000,1800000,0,0,300000,0,0,16,0,0,0,0,0,0,0,0,0,0,0,0,0,0,0,0,True
4,after,100000,300000,4,0,True,1,2486,0,0,0,2,1,4,uniform,0,0.134333,35897344,4696960,1040000,91816896,91816896,336108,0,243982,56018,0,0,16,0,0,0,0,0,0,0,0,0,0,0,0,0,0,0,0,True
4,before,100000,300000,4,0,True,1,2502,0,0,0,2,1,4,uniform,0,0.127763,35667968,4690512,1033552,91865000,91865000,336276,0,243954,56046,0,0,16,0,0,0,0,0,0,0,0,0,0,0,0,0,0,0,0,True
4,before,100000,300000,4,0,True,1,134551,1,155133,144867,2,2,4,hot,0,0.231276,35536896,4746360,1089400,227975920,227975920,869202,0,155133,144867,0,0,16,0,0,0,0,0,0,0,0,0,0,0,0,0,0,0,0,True
4,after,100000,300000,4,0,True,1,141598,1,148931,151069,2,2,4,hot,0,0.218133,35553280,4744696,1087736,237294816,237294816,906414,0,148931,151069,0,0,16,0,0,0,0,0,0,0,0,0,0,0,0,0,0,0,0,True
4,before,100000,300000,4,0,True,1,1222,1,271630,28370,2,2,8,uniform,0,0.162437,37404672,5880160,2223200,49223520,49223520,170220,0,271630,28370,0,0,16,0,0,0,0,0,0,0,0,0,0,0,0,0,0,0,0,True
4,after,100000,300000,4,0,True,1,1234,1,271599,28401,2,2,8,uniform,0,0.154242,37552128,5878760,2221800,49273336,49273336,170406,0,271599,28401,0,0,16,0,0,0,0,0,0,0,0,0,0,0,0,0,0,0,0,True
4,after,100000,300000,4,0,True,1,185148,0,0,0,4,2,8,hot,0,0.219604,36782080,5878560,2221600,290618208,290618208,1120818,0,113197,186803,0,0,16,0,0,0,0,0,0,0,0,0,0,0,0,0,0,0,0,True
4,before,100000,300000,4,0,True,1,186101,0,0,0,4,2,8,hot,0,0.236505,36782080,5876560,2219600,292053024,292053024,1126554,0,112241,187759,0,0,16,0,0,0,0,0,0,0,0,0,0,0,0,0,0,0,0,True
4,before,100000,300000,4,0,True,1,0,0,0,0,2,1,0,uniform,0,0.236013,36995072,3656960,0,460800000,460800000,1800000,0,0,300000,0,0,16,0,0,0,0,0,0,0,0,0,0,0,0,0,0,0,0,True
4,after,100000,300000,4,0,True,1,0,0,0,0,2,1,0,uniform,0,0.221917,35782656,3656960,0,460800000,460800000,1800000,0,0,300000,0,0,16,0,0,0,0,0,0,0,0,0,0,0,0,0,0,0,0,True
4,after,100000,300000,4,0,True,1,200333,1,98355,201645,4,1,8,hot,0,0.283845,36519936,5876960,2220000,312752720,312752720,1209870,0,98355,201645,0,0,16,0,0,0,0,0,0,0,0,0,0,0,0,0,0,0,0,True
4,before,100000,300000,4,0,True,1,194092,1,104462,195538,4,1,8,hot,0,0.226072,36618240,5874160,2217200,303653968,303653968,1173228,0,104462,195538,0,0,16,0,0,0,0,0,0,0,0,0,0,0,0,0,0,0,0,True
4,before,100000,300000,4,0,True,1,71802,1,220559,79441,2,1,8,hot,0,0.238691,36356096,5915960,2259000,130161576,130161576,476646,0,220559,79441,0,0,16,0,0,0,0,0,0,0,0,0,0,0,0,0,0,0,0,True
4,after,100000,300000,4,0,True,1,71542,1,220661,79339,2,1,8,hot,0,0.229693,36388864,5914760,2257800,129965104,129965104,476034,0,220661,79339,0,0,16,0,0,0,0,0,0,0,0,0,0,0,0,0,0,0,0,True
4,before,100000,300000,4,0,True,1,179770,1,102149,197851,2,2,2,hot,0,0.25915,36093952,4122824,465864,307138008,307138008,1187106,0,102149,197851,0,0,16,0,0,0,0,0,0,0,0,0,0,0,0,0,0,0,0,True
4,after,100000,300000,4,0,True,1,183882,1,98909,201091,2,2,2,hot,0,0.227671,35307520,4122824,465864,311997776,311997776,1206546,0,98909,201091,0,0,16,0,0,0,0,0,0,0,0,0,0,0,0,0,0,0,0,True
4,after,100000,300000,4,0,True,1,2572,0,0,0,2,2,4,uniform,0,0.14329,36061184,4691656,1034696,91966840,91966840,336660,0,243890,56110,0,0,16,0,0,0,0,0,0,0,0,0,0,0,0,0,0,0,0,True
4,before,100000,300000,4,0,True,1,2508,0,0,0,2,2,4,uniform,0,0.135595,36077568,4690824,1033864,91916784,91916784,336486,0,243919,56081,0,0,16,0,0,0,0,0,0,0,0,0,0,0,0,0,0,0,0,True
4,after,100000,300000,4,0,True,1,159092,1,118353,181647,2,1,2,hot,0,0.293929,34996224,4122432,465472,282772992,282772992,1089882,0,118353,181647,0,0,16,0,0,0,0,0,0,0,0,0,0,0,0,0,0,0,0,True
4,before,100000,300000,4,0,True,1,158516,1,118833,181167,2,1,2,hot,0,0.28854,35094528,4123328,466368,282051784,282051784,1087002,0,118833,181167,0,0,16,0,0,0,0,0,0,0,0,0,0,0,0,0,0,0,0,True
4,after,100000,300000,4,0,True,1,4478,1,202618,97382,4,1,2,uniform,0,0.236557,35504128,4119296,462336,154947080,154947080,584292,0,202618,97382,0,0,16,0,0,0,0,0,0,0,0,0,0,0,0,0,0,0,0,True
4,before,100000,300000,4,0,True,1,4539,1,202565,97435,4,1,2,uniform,0,0.213481,35340288,4119968,463008,155028264,155028264,584610,0,202565,97435,0,0,16,0,0,0,0,0,0,0,0,0,0,0,0,0,0,0,0,True
4,before,100000,300000,4,0,True,1,0,0,0,0,4,1,0,uniform,0,0.24195,34881536,3656960,0,460800000,460800000,1800000,0,0,300000,0,0,16,0,0,0,0,0,0,0,0,0,0,0,0,0,0,0,0,True
4,after,100000,300000,4,0,True,1,0,0,0,0,4,1,0,uniform,0,0.274112,35422208,3656960,0,460800000,460800000,1800000,0,0,300000,0,0,16,0,0,0,0,0,0,0,0,0,0,0,0,0,0,0,0,True
4,before,100000,300000,4,0,True,1,1374,1,271528,28472,4,1,8,uniform,0,0.241976,37421056,5872160,2215200,49393392,49393392,170832,0,271528,28472,0,0,16,0,0,0,0,0,0,0,0,0,0,0,0,0,0,0,0,True
4,after,100000,300000,4,0,True,1,1287,1,271618,28382,4,1,8,uniform,0,0.245909,37486592,5881160,2224200,49241352,49241352,170292,0,271618,28382,0,0,16,0,0,0,0,0,0,0,0,0,0,0,0,0,0,0,0,True
4,after,100000,300000,4,0,True,1,1269,1,271600,28400,4,2,8,uniform,0,0.184577,37650432,5875560,2218600,49274000,49274000,170400,0,271600,28400,0,0,16,0,0,0,0,0,0,0,0,0,0,0,0,0,0,0,0,True
4,before,100000,300000,4,0,True,1,1284,1,271582,28418,4,2,8,uniform,0,0.171041,37502976,5872160,2215200,49306048,49306048,170508,0,271582,28418,0,0,16,0,0,0,0,0,0,0,0,0,0,0,0,0,0,0,0,True
4,after,100000,300000,4,0,True,1,159223,0,0,0,2,2,4,hot,0,0.215377,35880960,4740952,1083992,261214712,261214712,1002276,0,132954,167046,0,0,16,0,0,0,0,0,0,0,0,0,0,0,0,0,0,0,0,True
4,before,100000,300000,4,0,True,1,153110,0,0,0,2,2,4,hot,0,0.234798,37421056,4742304,1085344,252980896,252980896,969186,0,138469,161531,0,0,16,0,0,0,0,0,0,0,0,0,0,0,0,0,0,0,0,True
4,after,100000,300000,4,0,True,1,4478,0,0,0,4,2,2,uniform,0,0.185397,35586048,4120808,463848,154895328,154895328,584094,0,202651,97349,0,0,16,0,0,0,0,0,0,0,0,0,0,0,0,0,0,0,0,True
4,before,100000,300000,4,0,True,1,4561,0,0,0,4,2,2,uniform,0,0.178428,35504128,4124784,467824,154963632,154963632,584370,0,202605,97395,0,0,16,0,0,0,0,0,0,0,0,0,0,0,0,0,0,0,0,True
4,after,100000,300000,4,0,True,1,0,0,0,0,2,2,0,hot,0,0.272331,34848768,3656960,0,460800000,460800000,1800000,0,0,300000,0,0,16,0,0,0,0,0,0,0,0,0,0,0,0,0,0,0,0,True
4,before,100000,300000,4,0,True,1,0,0,0,0,2,2,0,hot,0,0.285395,35454976,3656960,0,460800000,460800000,1800000,0,0,300000,0,0,16,0,0,0,0,0,0,0,0,0,0,0,0,0,0,0,0,True
5,before,100000,300000,4,0,True,1,228951,1,68095,231905,4,1,4,hot,0,0.279683,35799040,4732320,1075360,358138504,358138504,1391430,0,68095,231905,0,0,16,0,0,0,0,0,0,0,0,0,0,0,0,0,0,0,0,True
5,after,100000,300000,4,0,True,1,225224,1,71602,228398,4,1,4,hot,0,0.271135,35831808,4731280,1074320,352915864,352915864,1370388,0,71602,228398,0,0,16,0,0,0,0,0,0,0,0,0,0,0,0,0,0,0,0,True
5,before,100000,300000,4,0,True,1,2579,0,0,0,4,2,4,uniform,0,0.172484,36012032,4685312,1028352,92067144,92067144,337038,0,243827,56173,0,0,16,0,0,0,0,0,0,0,0,0,0,0,0,0,0,0,0,True
5,after,100000,300000,4,0,True,1,2517,0,0,0,4,2,4,uniform,0,0.164064,36012032,4694672,1037712,91911368,91911368,336462,0,243923,56077,0,0,16,0,0,0,0,0,0,0,0,0,0,0,0,0,0,0,0,True
5,after,100000,300000,4,0,True,1,1298,1,271587,28413,4,1,8,uniform,0,0.222339,37421056,5879760,2222800,49293568,49293568,170478,0,271587,28413,0,0,16,0,0,0,0,0,0,0,0,0,0,0,0,0,0,0,0,True
5,before,100000,300000,4,0,True,1,1313,1,271583,28417,4,1,8,uniform,0,0.20444,37470208,5876560,2219600,49303312,49303312,170502,0,271583,28417,0,0,16,0,0,0,0,0,0,0,0,0,0,0,0,0,0,0,0,True
5,after,100000,300000,4,0,True,1,1321,0,0,0,4,1,8,uniform,0,0.132525,37502976,5879760,2222800,49273328,49273328,170388,0,271602,28398,0,0,16,0,0,0,0,0,0,0,0,0,0,0,0,0,0,0,0,True
5,before,100000,300000,4,0,True,1,1296,0,0,0,4,1,8,uniform,0,0.133669,37404672,5881160,2224200,49272872,49272872,170412,0,271598,28402,0,0,16,0,0,0,0,0,0,0,0,0,0,0,0,0,0,0,0,True
5,before,100000,300000,4,0,True,1,2489,0,0,0,2,1,4,uniform,0,0.133168,35667968,4692488,1035528,91923472,91923472,336504,0,243916,56084,0,0,16,0,0,0,0,0,0,0,0,0,0,0,0,0,0,0,0,True
5,after,100000,300000,4,0,True,1,2512,0,0,0,2,1,4,uniform,0,0.150395,35799040,4694568,1037608,91876296,91876296,336312,0,243948,56052,0,0,16,0,0,0,0,0,0,0,0,0,0,0,0,0,0,0,0,True
5,before,100000,300000,4,0,True,1,179265,0,0,0,2,1,2,hot,0,0.250628,35274752,4122544,465584,306341928,306341928,1183932,0,102678,197322,0,0,16,0,0,0,0,0,0,0,0,0,0,0,0,0,0,0,0,True
5,after,100000,300000,4,0,True,1,177726,0,0,0,2,1,2,hot,0,0.2361,35061760,4122600,465640,304748392,304748392,1177548,0,103742,196258,0,0,16,0,0,0,0,0,0,0,0,0,0,0,0,0,0,0,0,True
5,after,100000,300000,4,0,True,1,173671,0,0,0,4,2,8,hot,0,0.226223,37568512,5883760,2226800,273951176,273951176,1053696,0,124384,175616,0,0,16,0,0,0,0,0,0,0,0,0,0,0,0,0,0,0,0,True
5,before,100000,300000,4,0,True,1,179063,0,0,0,4,2,8,hot,0,0.232094,36782080,5878560,2221600,281853872,281853872,1085412,0,119098,180902,0,0,16,0,0,0,0,0,0,0,0,0,0,0,0,0,0,0,0,True
5,before,100000,300000,4,0,True,1,158948,1,118414,181586,2,1,2,hot,0,0.295154,35094528,4122824,465864,282684056,282684056,1089516,0,118414,181586,0,0,16,0,0,0,0,0,0,0,0,0,0,0,0,0,0,0,0,True
5,after,100000,300000,4,0,True,1,158718,1,118630,181370,2,1,2,hot,0,0.296148,35094528,4123664,466704,282361296,282361296,1088220,0,118630,181370,0,0,16,0,0,0,0,0,0,0,0,0,0,0,0,0,0,0,0,True
5,after,100000,300000,4,0,True,1,1315,0,0,0,4,2,8,uniform,0,0.157335,37666816,5864960,2208000,49361600,49361600,170700,0,271550,28450,0,0,16,0,0,0,0,0,0,0,0,0,0,0,0,0,0,0,0,True
5,before,100000,300000,4,0,True,1,1347,0,0,0,4,2,8,uniform,0,0.146075,37453824,5867760,2210800,49334360,49334360,170610,0,271565,28435,0,0,16,0,0,0,0,0,0,0,0,0,0,0,0,0,0,0,0,True
5,before,100000,300000,4,0,True,1,0,0,0,0,4,2,0,hot,0,0.273736,35717120,3656960,0,460800000,460800000,1800000,0,0,300000,0,0,16,0,0,0,0,0,0,0,0,0,0,0,0,0,0,0,0,True
5,after,100000,300000,4,0,True,1,0,0,0,0,4,2,0,hot,0,0.278282,35946496,3656960,0,460800000,460800000,1800000,0,0,300000,0,0,16,0,0,0,0,0,0,0,0,0,0,0,0,0,0,0,0,True
5,after,100000,300000,4,0,True,1,191655,0,0,0,2,2,2,hot,0,0.255439,35045376,4120136,463176,321631656,321631656,1245012,0,92498,207502,0,0,16,0,0,0,0,0,0,0,0,0,0,0,0,0,0,0,0,True
5,before,100000,300000,4,0,True,1,196719,0,0,0,2,2,2,hot,0,0.233742,35307520,4119912,462952,327784400,327784400,1269630,0,88395,211605,0,0,16,0,0,0,0,0,0,0,0,0,0,0,0,0,0,0,0,True
5,before,100000,300000,4,0,True,1,4012,1,202763,97237,2,1,2,uniform,0,0.212774,35356672,4119240,462280,154722736,154722736,583422,0,202763,97237,0,0,16,0,0,0,0,0,0,0,0,0,0,0,0,0,0,0,0,True
5,after,100000,300000,4,0,True,1,4141,1,202729,97271,2,1,2,uniform,0,0.220776,35422208,4121872,464912,154775408,154775408,583626,0,202729,97271,0,0,16,0,0,0,0,0,0,0,0,0,0,0,0,0,0,0,0,True
5,before,100000,300000,4,0,True,1,0,0,0,0,4,1,0,hot,0,0.276503,34652160,3656960,0,460800000,460800000,1800000,0,0,300000,0,0,16,0,0,0,0,0,0,0,0,0,0,0,0,0,0,0,0,True
5,after,100000,300000,4,0,True,1,0,0,0,0,4,1,0,hot,0,0.284488,34684928,3656960,0,460800000,460800000,1800000,0,0,300000,0,0,16,0,0,0,0,0,0,0,0,0,0,0,0,0,0,0,0,True
5,after,100000,300000,4,0,True,1,4459,0,0,0,4,1,2,uniform,0,0.175224,35373056,4118064,461104,155022256,155022256,584592,0,202568,97432,0,0,16,0,0,0,0,0,0,0,0,0,0,0,0,0,0,0,0,True
5,before,100000,300000,4,0,True,1,4504,0,0,0,4,1,2,uniform,0,0.173164,35454976,4115768,458808,155037344,155037344,584640,0,202560,97440,0,0,16,0,0,0,0,0,0,0,0,0,0,0,0,0,0,0,0,True
5,before,100000,300000,4,0,True,1,106475,0,0,0,2,2,8,hot,0,0.182182,36470784,5901360,2244400,177852576,177852576,667296,0,188784,111216,0,0,16,0,0,0,0,0,0,0,0,0,0,0,0,0,0,0,0,True
5,after,100000,300000,4,0,True,1,120992,0,0,0,2,2,8,hot,0,0.184746,36503552,5899360,2242400,198586968,198586968,750528,0,174912,125088,0,0,16,0,0,0,0,0,0,0,0,0,0,0,0,0,0,0,0,True
5,after,100000,300000,4,0,True,1,0,0,0,0,4,2,0,uniform,0,0.224943,39763968,3656960,0,460800000,460800000,1800000,0,0,300000,0,0,16,0,0,0,0,0,0,0,0,0,0,0,0,0,0,0,0,True
5,before,100000,300000,4,0,True,1,0,0,0,0,4,2,0,uniform,0,0.223406,39337984,3656960,0,460800000,460800000,1800000,0,0,300000,0,0,16,0,0,0,0,0,0,0,0,0,0,0,0,0,0,0,0,True
5,before,100000,300000,4,0,True,1,101306,0,0,0,2,1,8,hot,0,0.184179,36388864,5905160,2248200,170635256,170635256,638376,0,193604,106396,0,0,16,0,0,0,0,0,0,0,0,0,0,0,0,0,0,0,0,True
5,after,100000,300000,4,0,True,1,94231,0,0,0,2,1,8,hot,0,0.18943,36388864,5905560,2248600,160449104,160449104,597384,0,200436,99564,0,0,16,0,0,0,0,0,0,0,0,0,0,0,0,0,0,0,0,True
5,after,100000,300000,4,0,True,1,2552,1,243940,56060,4,2,4,uniform,0,0.173585,36077568,4691032,1034072,91884008,91884008,336360,0,243940,56060,0,0,16,0,0,0,0,0,0,0,0,0,0,0,0,0,0,0,0,True
5,before,100000,300000,4,0,True,1,2619,1,243855,56145,4,2,4,uniform,0,0.185877,36143104,4692592,1035632,92021120,92021120,336870,0,243855,56145,0,0,16,0,0,0,0,0,0,0,0,0,0,0,0,0,0,0,0,True
5,after,100000,300000,4,0,True,1,71584,1,220718,79282,2,1,8,hot,0,0.244802,36388864,5914360,2257400,129916752,129916752,475692,0,220718,79282,0,0,16,0,0,0,0,0,0,0,0,0,0,0,0,0,0,0,0,True
5,before,100000,300000,4,0,True,1,71479,1,220788,79212,2,1,8,hot,0,0.253856,36388864,5911360,2254400,129806632,129806632,475272,0,220788,79212,0,0,16,0,0,0,0,0,0,0,0,0,0,0,0,0,0,0,0,True
5,after,100000,300000,4,0,True,1,2341,1,243993,56007,2,2,4,uniform,0,0.176453,35897344,4691448,1034488,91801456,91801456,336042,0,243993,56007,0,0,16,0,0,0,0,0,0,0,0,0,0,0,0,0,0,0,0,True
5,before,100000,300000,4,0,True,1,2348,1,244034,55966,2,2,4,uniform,0,0.179761,35913728,4691552,1034592,91737544,91737544,335796,0,244034,55966,0,0,16,0,0,0,0,0,0,0,0,0,0,0,0,0,0,0,0,True
5,after,100000,300000,4,0,True,1,241580,0,0,0,4,1,2,hot,0,0.265323,35110912,4119016,462056,385590448,385590448,1500936,0,49844,250156,0,0,16,0,0,0,0,0,0,0,0,0,0,0,0,0,0,0,0,True
5,before,100000,300000,4,0,True,1,237812,0,0,0,4,1,2,hot,0,0.253408,35110912,4119184,462224,380607568,380607568,1480986,0,53169,246831,0,0,16,0,0,0,0,0,0,0,0,0,0,0,0,0,0,0,0,True
5,before,100000,300000,4,0,True,1,113746,1,172900,127100,2,1,4,hot,0,0.2528,35536896,4747296,1090336,201223488,201223488,762600,0,172900,127100,0,0,16,0,0,0,0,0,0,0,0,0,0,0,0,0,0,0,0,True
5,after,100000,300000,4,0,True,1,113925,1,172779,127221,2,1,4,hot,0,0.248933,35536896,4749064,1092104,201407888,201407888,763326,0,172779,127221,0,0,16,0,0,0,0,0,0,0,0,0,0,0,0,0,0,0,0,True
5,after,100000,300000,4,0,True,1,177391,1,104179,195821,2,2,2,hot,0,0.247211,35127296,4122432,465472,304088920,304088920,1174926,0,104179,195821,0,0,16,0,0,0,0,0,0,0,0,0,0,0,0,0,0,0,0,True
5,before,100000,300000,4,0,True,1,178779,1,103006,196994,2,2,2,hot,0,0.256486,35143680,4121592,464632,305849936,305849936,1181964,0,103006,196994,0,0,16,0,0,0,0,0,0,0,0,0,0,0,0,0,0,0,0,True
5,before,100000,300000,4,0,True,1,2482,0,0,0,4,1,4,uniform,0,0.146354,35831808,4694464,1037504,91860216,91860216,336276,0,243954,56046,0,0,16,0,0,0,0,0,0,0,0,0,0,0,0,0,0,0,0,True
5,after,100000,300000,4,0,True,1,2542,0,0,0,4,1,4,uniform,0,0.167254,35848192,4693008,1036048,91920504,91920504,336492,0,243918,56082,0,0,16,0,0,0,0,0,0,0,0,0,0,0,0,0,0,0,0,True
5,before,100000,300000,4,0,True,1,221279,0,0,0,4,1,4,hot,0,0.259649,35667968,4732216,1075256,347285824,347285824,1347846,0,75359,224641,0,0,16,0,0,0,0,0,0,0,0,0,0,0,0,0,0,0,0,True
5,after,100000,300000,4,0,True,1,224487,0,0,0,4,1,4,hot,0,0.241954,35651584,4730968,1074008,351856848,351856848,1366146,0,72309,227691,0,0,16,0,0,0,0,0,0,0,0,0,0,0,0,0,0,0,0,True
5,before,100000,300000,4,0,True,1,1121,1,271688,28312,2,1,8,uniform,0,0.182343,37240832,5882560,2225600,49125832,49125832,169872,0,271688,28312,0,0,16,0,0,0,0,0,0,0,0,0,0,0,0,0,0,0,0,True
5,after,100000,300000,4,0,True,1,1214,1,271624,28376,2,1,8,uniform,0,0.147704,37289984,5875560,2218600,49235336,49235336,170256,0,271624,28376,0,0,16,0,0,0,0,0,0,0,0,0,0,0,0,0,0,0,0,True
5,after,100000,300000,4,0,True,1,0,0,0,0,4,1,0,uniform,0,0.257531,35241984,3656960,0,460800000,460800000,1800000,0,0,300000,0,0,16,0,0,0,0,0,0,0,0,0,0,0,0,0,0,0,0,True
5,before,100000,300000,4,0,True,1,0,0,0,0,4,1,0,uniform,0,0.209774,72384512,3656960,0,460800000,460800000,1800000,0,0,300000,0,0,16,0,0,0,0,0,0,0,0,0,0,0,0,0,0,0,0,True
5,after,100000,300000,4,0,True,1,4506,1,202599,97401,4,1,2,uniform,0,0.254175,35389440,4117224,460264,154978392,154978392,584406,0,202599,97401,0,0,16,0,0,0,0,0,0,0,0,0,0,0,0,0,0,0,0,True
5,before,100000,300000,4,0,True,1,4514,1,202609,97391,4,1,2,uniform,0,0.255339,35389440,4121032,464072,154959560,154959560,584346,0,202609,97391,0,0,16,0,0,0,0,0,0,0,0,0,0,0,0,0,0,0,0,True
5,before,100000,300000,4,0,True,1,237500,0,0,0,4,2,2,hot,0,0.280296,35209216,4117448,460488,380196088,380196088,1479336,0,53444,246556,0,0,16,0,0,0,0,0,0,0,0,0,0,0,0,0,0,0,0,True
5,after,100000,300000,4,0,True,1,235981,0,0,0,4,2,2,hot,0,0.278611,35684352,4118288,461328,378242424,378242424,1471512,0,54748,245252,0,0,16,0,0,0,0,0,0,0,0,0,0,0,0,0,0,0,0,True
5,after,100000,300000,4,0,True,1,164734,0,0,0,2,2,4,hot,0,0.202378,35602432,4741472,1084512,268818312,268818312,1032864,0,127856,172144,0,0,16,0,0,0,0,0,0,0,0,0,0,0,0,0,0,0,0,True
5,before,100000,300000,4,0,True,1,157200,0,0,0,2,2,4,hot,0,0.216258,35717120,4741472,1084512,258551880,258551880,991620,0,134730,165270,0,0,16,0,0,0,0,0,0,0,0,0,0,0,0,0,0,0,0,True
5,before,100000,300000,4,0,True,1,241277,1,50119,249881,4,2,2,hot,0,0.272435,35340288,4117840,460880,385180704,385180704,1499286,0,50119,249881,0,0,16,0,0,0,0,0,0,0,0,0,0,0,0,0,0,0,0,True
5,after,100000,300000,4,0,True,1,241059,1,50305,249695,4,2,2,hot,0,0.275901,36257792,4118064,461104,384898480,384898480,1498170,0,50305,249695,0,0,16,0,0,0,0,0,0,0,0,0,0,0,0,0,0,0,0,True
5,after,100000,300000,4,0,True,1,4194,0,0,0,2,1,2,uniform,0,0.155553,35405824,4119744,462784,154842232,154842232,583896,0,202684,97316,0,0,16,0,0,0,0,0,0,0,0,0,0,0,0,0,0,0,0,True
5,before,100000,300000,4,0,True,1,4111,0,0,0,2,1,2,uniform,0,0.176282,37552128,4119800,462840,154762480,154762480,583572,0,202738,97262,0,0,16,0,0,0,0,0,0,0,0,0,0,0,0,0,0,0,0,True
5,after,100000,300000,4,0,True,1,2266,1,244058,55942,2,1,4,uniform,0,0.210288,35831808,4693840,1036880,91697560,91697560,335652,0,244058,55942,0,0,16,0,0,0,0,0,0,0,0,0,0,0,0,0,0,0,0,True
5,before,100000,300000,4,0,True,1,2253,1,244035,55965,2,1,4,uniform,0,0.219242,35897344,4690928,1033968,91735800,91735800,335790,0,244035,55965,0,0,16,0,0,0,0,0,0,0,0,0,0,0,0,0,0,0,0,True
5,before,100000,300000,4,0,True,1,0,0,0,0,2,2,0,uniform,0,0.201199,40402944,3656960,0,460800000,460800000,1800000,0,0,300000,0,0,16,0,0,0,0,0,0,0,0,0,0,0,0,0,0,0,0,True
5,after,100000,300000,4,0,True,1,0,0,0,0,2,2,0,uniform,0,0.218201,37453824,3656960,0,460800000,460800000,1800000,0,0,300000,0,0,16,0,0,0,0,0,0,0,0,0,0,0,0,0,0,0,0,True
5,after,100000,300000,4,0,True,1,89255,1,204986,95014,2,2,8,hot,0,0.197966,36519936,5907760,2250800,153600504,153600504,570084,0,204986,95014,0,0,16,0,0,0,0,0,0,0,0,0,0,0,0,0,0,0,0,True
5,before,100000,300000,4,0,True,1,90634,1,203703,96297,2,2,8,hot,0,0.20027,36487168,5907560,2250600,155494792,155494792,577782,0,203703,96297,0,0,16,0,0,0,0,0,0,0,0,0,0,0,0,0,0,0,0,True
5,after,100000,300000,4,0,True,1,0,0,0,0,2,1,0,hot,0,0.317604,35078144,3656960,0,460800000,460800000,1800000,0,0,300000,0,0,16,0,0,0,0,0,0,0,0,0,0,0,0,0,0,0,0,True
5,before,100000,300000,4,0,True,1,0,0,0,0,2,1,0,hot,0,0.298513,35864576,3656960,0,460800000,460800000,1800000,0,0,300000,0,0,16,0,0,0,0,0,0,0,0,0,0,0,0,0,0,0,0,True
5,after,100000,300000,4,0,True,1,210746,0,0,0,4,2,4,hot,0,0.274898,36306944,4733256,1076296,332442760,332442760,1288092,0,85318,214682,0,0,16,0,0,0,0,0,0,0,0,0,0,0,0,0,0,0,0,True
5,before,100000,300000,4,0,True,1,222953,0,0,0,4,2,4,hot,0,0.251955,35897344,4734296,1077336,349642328,349642328,1357266,0,73789,226211,0,0,16,0,0,0,0,0,0,0,0,0,0,0,0,0,0,0,0,True
5,after,100000,300000,4,0,True,1,178085,1,120048,179952,4,2,8,hot,0,0.24754,37584896,5878960,2222000,280424072,280424072,1079712,0,120048,179952,0,0,16,0,0,0,0,0,0,0,0,0,0,0,0,0,0,0,0,True
5,before,100000,300000,4,0,True,1,187681,1,110739,189261,4,2,8,hot,0,0.244323,36716544,5875960,2219000,294264496,294264496,1135566,0,110739,189261,0,0,16,0,0,0,0,0,0,0,0,0,0,0,0,0,0,0,0,True
5,before,100000,300000,4,0,True,1,1368,0,0,0,2,1,8,uniform,0,0.126524,37289984,5873360,2216400,49349312,49349312,170652,0,271558,28442,0,0,16,0,0,0,0,0,0,0,0,0,0,0,0,0,0,0,0,True
5,after,100000,300000,4,0,True,1,1251,0,0,0,2,1,8,uniform,0,0.120651,37322752,5867760,2210800,49316864,49316864,170544,0,271576,28424,0,0,16,0,0,0,0,0,0,0,0,0,0,0,0,0,0,0,0,True
5,after,100000,300000,4,0,True,1,1288,1,271592,28408,2,2,8,uniform,0,0.157444,37339136,5876360,2219400,49288288,49288288,170448,0,271592,28408,0,0,16,0,0,0,0,0,0,0,0,0,0,0,0,0,0,0,0,True
5,before,100000,300000,4,0,True,1,1258,1,271591,28409,2,2,8,uniform,0,0.175499,37486592,5875760,2218800,49287624,49287624,170454,0,271591,28409,0,0,16,0,0,0,0,0,0,0,0,0,0,0,0,0,0,0,0,True
5,after,100000,300000,4,0,True,1,4324,1,202698,97302,4,2,2,uniform,0,0.205257,35684352,4118960,462000,154825264,154825264,583812,0,202698,97302,0,0,16,0,0,0,0,0,0,0,0,0,0,0,0,0,0,0,0,True
5,before,100000,300000,4,0,True,1,4505,1,202559,97441,4,2,2,uniform,0,0.205067,35471360,4118456,461496,155036640,155036640,584646,0,202559,97441,0,0,16,0,0,0,0,0,0,0,0,0,0,0,0,0,0,0,0,True
5,after,100000,300000,4,0,True,1,191322,0,0,0,4,1,8,hot,0,0.221514,36601856,5876760,2219800,299565152,299565152,1156842,0,107193,192807,0,0,16,0,0,0,0,0,0,0,0,0,0,0,0,0,0,0,0,True
5,before,100000,300000,4,0,True,1,180691,0,0,0,4,1,8,hot,0,0.210721,36683776,5877160,2220200,284141240,284141240,1094640,0,117560,182440,0,0,16,0,0,0,0,0,0,0,0,0,0,0,0,0,0,0,0,True
5,after,100000,300000,4,0,True,1,133141,1,156406,143594,2,2,4,hot,0,0.240795,35536896,4745736,1088776,226043160,226043160,861564,0,156406,143594,0,0,16,0,0,0,0,0,0,0,0,0,0,0,0,0,0,0,0,True
5,before,100000,300000,4,0,True,1,135332,1,154439,145561,2,2,4,hot,0,0.229286,35569664,4744904,1087944,229009560,229009560,873366,0,154439,145561,0,0,16,0,0,0,0,0,0,0,0,0,0,0,0,0,0,0,0,True
5,before,100000,300000,4,0,True,1,0,0,0,0,2,2,0,hot,0,0.276537,35110912,3656960,0,460800000,460800000,1800000,0,0,300000,0,0,16,0,0,0,0,0,0,0,0,0,0,0,0,0,0,0,0,True
5,after,100000,300000,4,0,True,1,0,0,0,0,2,2,0,hot,0,0.284749,37748736,3656960,0,460800000,460800000,1800000,0,0,300000,0,0,16,0,0,0,0,0,0,0,0,0,0,0,0,0,0,0,0,True
5,before,100000,300000,4,0,True,1,243512,1,48159,251841,4,1,2,hot,0,0.28721,35225600,4117728,460768,388114880,388114880,1511046,0,48159,251841,0,0,16,0,0,0,0,0,0,0,0,0,0,0,0,0,0,0,0,True
5,after,100000,300000,4,0,True,1,247636,1,44469,255531,4,1,2,hot,0,0.306898,35160064,4118512,461552,393636112,393636112,1533186,0,44469,255531,0,0,16,0,0,0,0,0,0,0,0,0,0,0,0,0,0,0,0,True
5,before,100000,300000,4,0,True,1,1382,0,0,0,2,2,8,uniform,0,0.119323,37289984,5870760,2213800,49369016,49369016,170736,0,271544,28456,0,0,16,0,0,0,0,0,0,0,0,0,0,0,0,0,0,0,0,True
5,after,100000,300000,4,0,True,1,1331,0,0,0,2,2,8,uniform,0,0.143507,37273600,5875360,2218400,49277136,49277136,170406,0,271599,28401,0,0,16,0,0,0,0,0,0,0,0,0,0,0,0,0,0,0,0,True
5,after,100000,300000,4,0,True,1,216499,1,79886,220114,4,2,4,hot,0,0.256184,35782656,4731904,1074944,340524232,340524232,1320684,0,79886,220114,0,0,16,0,0,0,0,0,0,0,0,0,0,0,0,0,0,0,0,True
5,before,100000,300000,4,0,True,1,219679,1,76867,223133,4,2,4,hot,0,0.273192,35799040,4734192,1077232,345047952,345047952,1338798,0,76867,223133,0,0,16,0,0,0,0,0,0,0,0,0,0,0,0,0,0,0,0,True
5,after,100000,300000,4,0,True,1,2684,1,243850,56150,4,1,4,uniform,0,0.239733,35930112,4691344,1034384,92026928,92026928,336900,0,243850,56150,0,0,16,0,0,0,0,0,0,0,0,0,0,0,0,0,0,0,0,True
5,before,100000,300000,4,0,True,1,2601,1,243849,56151,4,1,4,uniform,0,0.227653,35979264,4692384,1035424,92025864,92025864,336906,0,243849,56151,0,0,16,0,0,0,0,0,0,0,0,0,0,0,0,0,0,0,0,True
5,before,100000,300000,4,0,True,1,194774,1,103788,196212,4,1,8,hot,0,0.261553,36683776,5876760,2219800,304662632,304662632,1177272,0,103788,196212,0,0,16,0,0,0,0,0,0,0,0,0,0,0,0,0,0,0,0,True
5,after,100000,300000,4,0,True,1,195696,1,102901,197099,4,1,8,hot,0,0.259047,36896768,5874160,2217200,305989064,305989064,1182594,0,102901,197099,0,0,16,0,0,0,0,0,0,0,0,0,0,0,0,0,0,0,0,True
5,after,100000,300000,4,0,True,1,2668,0,0,0,2,2,4,uniform,0,0.128006,35848192,4696544,1039584,91959840,91959840,336642,0,243893,56107,0,0,16,0,0,0,0,0,0,0,0,0,0,0,0,0,0,0,0,True
5,before,100000,300000,4,0,True,1,2614,0,0,0,2,2,4,uniform,0,0.148765,36028416,4690408,1033448,91982144,91982144,336708,0,243882,56118,0,0,16,0,0,0,0,0,0,0,0,0,0,0,0,0,0,0,0,True
5,after,100000,300000,4,0,True,1,143290,0,0,0,2,1,4,hot,0,0.233894,35815424,4744280,1087320,239613520,239613520,915690,0,147385,152615,0,0,16,0,0,0,0,0,0,0,0,0,0,0,0,0,0,0,0,True
5,before,100000,300000,4,0,True,1,146353,0,0,0,2,1,4,hot,0,0.216337,35504128,4742824,1085864,243659544,243659544,931938,0,144677,155323,0,0,16,0,0,0,0,0,0,0,0,0,0,0,0,0,0,0,0,True
5,before,100000,300000,4,0,True,1,1342,1,271548,28452,4,2,8,uniform,0,0.167818,37584896,5876160,2219200,49359872,49359872,170712,0,271548,28452,0,0,16,0,0,0,0,0,0,0,0,0,0,0,0,0,0,0,0,True
5,after,100000,300000,4,0,True,1,1264,1,271600,28400,4,2,8,uniform,0,0.170903,37683200,5873160,2216200,49274600,49274600,170400,0,271600,28400,0,0,16,0,0,0,0,0,0,0,0,0,0,0,0,0,0,0,0,True
5,after,100000,300000,4,0,True,1,4186,1,202742,97258,2,2,2,uniform,0,0.1867,35405824,4122824,465864,154755496,154755496,583548,0,202742,97258,0,0,16,0,0,0,0,0,0,0,0,0,0,0,0,0,0,0,0,True
5,before,100000,300000,4,0,True,1,4226,1,202646,97354,2,2,2,uniform,0,0.188045,35520512,4115096,458136,154906816,154906816,584124,0,202646,97354,0,0,16,0,0,0,0,0,0,0,0,0,0,0,0,0,0,0,0,True
5,after,100000,300000,4,0,True,1,4445,0,0,0,2,2,2,uniform,0,0.150198,35733504,4113640,456680,155056648,155056648,584706,0,202549,97451,0,0,16,0,0,0,0,0,0,0,0,0,0,0,0,0,0,0,0,True
5,before,100000,300000,4,0,True,1,4491,0,0,0,2,2,2,uniform,0,0.151592,36028416,4116384,459424,155052088,155052088,584700,0,202550,97450,0,0,16,0,0,0,0,0,0,0,0,0,0,0,0,0,0,0,0,True
5,before,100000,300000,4,0,True,1,0,0,0,0,2,1,0,uniform,0,0.22616,36175872,3656960,0,460800000,460800000,1800000,0,0,300000,0,0,16,0,0,0,0,0,0,0,0,0,0,0,0,0,0,0,0,True
5,after,100000,300000,4,0,True,1,0,0,0,0,2,1,0,uniform,0,0.213872,35848192,3656960,0,460800000,460800000,1800000,0,0,300000,0,0,16,0,0,0,0,0,0,0,0,0,0,0,0,0,0,0,0,True
5,before,100000,300000,4,0,True,1,4405,0,0,0,4,2,2,uniform,0,0.256805,35536896,4120304,463344,154923784,154923784,584208,0,202632,97368,0,0,16,0,0,0,0,0,0,0,0,0,0,0,0,0,0,0,0,True
5,after,100000,300000,4,0,True,1,4224,0,0,0,4,2,2,uniform,0,0.217654,35487744,4122936,465976,154807440,154807440,583752,0,202708,97292,0,0,16,0,0,0,0,0,0,0,0,0,0,0,0,0,0,0,0,True
